job_fair_id,job_fair_url,title,organization,location,date_time,event_url,description,contact_person,mobile,email,contact_role,s_no,employer_name,job_type,job_location,vacancies,salary,job_id,job_title,min_age,max_age,education,specialization,experience
252504080032,https://www.tnprivatejobs.tn.gov.in/candidate/Home/ca_jobfairlist_single/252504080032,TIRUPPUR MICRO JOB FAIR - 25.04.2025,"COLLECTORATE BUILDING, 4TH FLOOR, ,DISTRICT EMPLOYMENT OFFICE, ROOM NO.439,TIRUPPUR DISTRICT","Tiruppur - PALLADAM ROAD, TIRUPPUR",25/04/2025 10:00 AM to 01:30 PM,https://www.tnprivatejobs.tn.gov.in/ViewData/jobfair_view/252504080032,"சிறிய அளவிலான தனியார் துறை வேலைவாய்ப்பு முகாம் 25.04.2025 காலை 10.00 மணிக்கு திருப்பூர் மாவட்ட வேலைவாய்ப்பு மற்றும் தொழில்நெறி வழிகாட்டும் மையம் அலுவலகத்தில் (அறை எண்.439-ல்) நடத்தப்படுகிறது. இம்முகாமில் 10ம் வகுப்பு,12ம் வகுப்பு, பட்டப்படிப்பு, ஐடிஐ, மற்றும் டிப்ளமா என படித்த இளைஞர்கள் அனைவரும் கலந்து கொள்ளலாம். முகாமில் கலந்து கொள்ள விரும்பும் வேலையளிக்கும் நிறுவனங்கள் மற்றும் வேலைநாடுநர்கள் https://www.tnprivatejobs.tn.gov.in என்ற தனியார்வேலை இணையத்தில் 23.04.2025 மாலை 6.00 மணிக்குள் முன்பதிவு செய்ய கேட்டுக்கொள்ளப்படுகிறது,மேலும் முகாமில் கலந்து கொள்ளும் வேலையளிக்கும் நிறுவனங்கள் தங்கள் நிறுவனத்திற்கு தகுதியான வேலைநாடுநர்களை தேர்வு செய்து பணிநியமன ஆணை முகாம் நாளன்று வழங்கப்படவேண்டும். இவ்வேலைவாய்ப்பு முகாம் முற்றிலும் இலவசமாக நடத்தப்படுகிறது. வேலையளிக்கும் நிறுவனத்தினரால் தேர்வு செய்யப்படும் நபர்களிடமிருந்து பயிற்சி கட்டணம்,முன்வைப்புத்தொகை,தேர்வு கட்டணம் அல்லது பிறவகையான கட்டணங்கள் ஏதும் கண்டிப்பாக வசூலிக்கப்பட கூடாது என அரசால் ஆணைகள் பிறப்பிக்கப்பட்டுள்ளது.இம்முகாமில் திருப்பூர் மாவட்டத்தைச் சார்ந்த வேலையளிக்கும் நிறுவனங்கள் மட்டும் முகாமில் கலந்து கொள்ளுமாறு கனிவுடன் தெரிவித்துக்கொள்ளப்படுகிறது.",,,,,1,BRIGHT INDIA,Trainee,Dindigul,36,"~15,000",25250408003222409271327358372504772,Trainee,32,HSC,Any,None,Communication Analyst
252504080032,https://www.tnprivatejobs.tn.gov.in/candidate/Home/ca_jobfairlist_single/252504080032,TIRUPPUR MICRO JOB FAIR - 25.04.2025,"COLLECTORATE BUILDING, 4TH FLOOR, ,DISTRICT EMPLOYMENT OFFICE, ROOM NO.439,TIRUPPUR DISTRICT","Tiruppur - PALLADAM ROAD, TIRUPPUR",25/04/2025 10:00 AM to 01:30 PM,https://www.tnprivatejobs.tn.gov.in/ViewData/jobfair_view/252504080032,"சிறிய அளவிலான தனியார் துறை வேலைவாய்ப்பு முகாம் 25.04.2025 காலை 10.00 மணிக்கு திருப்பூர் மாவட்ட வேலைவாய்ப்பு மற்றும் தொழில்நெறி வழிகாட்டும் மையம் அலுவலகத்தில் (அறை எண்.439-ல்) நடத்தப்படுகிறது. இம்முகாமில் 10ம் வகுப்பு,12ம் வகுப்பு, பட்டப்படிப்பு, ஐடிஐ, மற்றும் டிப்ளமா என படித்த இளைஞர்கள் அனைவரும் கலந்து கொள்ளலாம். முகாமில் கலந்து கொள்ள விரும்பும் வேலையளிக்கும் நிறுவனங்கள் மற்றும் வேலைநாடுநர்கள் https://www.tnprivatejobs.tn.gov.in என்ற தனியார்வேலை இணையத்தில் 23.04.2025 மாலை 6.00 மணிக்குள் முன்பதிவு செய்ய கேட்டுக்கொள்ளப்படுகிறது,மேலும் முகாமில் கலந்து கொள்ளும் வேலையளிக்கும் நிறுவனங்கள் தங்கள் நிறுவனத்திற்கு தகுதியான வேலைநாடுநர்களை தேர்வு செய்து பணிநியமன ஆணை முகாம் நாளன்று வழங்கப்படவேண்டும். இவ்வேலைவாய்ப்பு முகாம் முற்றிலும் இலவசமாக நடத்தப்படுகிறது. வேலையளிக்கும் நிறுவனத்தினரால் தேர்வு செய்யப்படும் நபர்களிடமிருந்து பயிற்சி கட்டணம்,முன்வைப்புத்தொகை,தேர்வு கட்டணம் அல்லது பிறவகையான கட்டணங்கள் ஏதும் கண்டிப்பாக வசூலிக்கப்பட கூடாது என அரசால் ஆணைகள் பிறப்பிக்கப்பட்டுள்ளது.இம்முகாமில் திருப்பூர் மாவட்டத்தைச் சார்ந்த வேலையளிக்கும் நிறுவனங்கள் மட்டும் முகாமில் கலந்து கொள்ளுமாறு கனிவுடன் தெரிவித்துக்கொள்ளப்படுகிறது.",,,,,2,CROSSFIELDS WATER PURIFIERS PVT LTD,Diploma - Diploma In Engineering - MECHANICAL ENGINEERING,Coimbatore,5,"15,000 - 25,000",25250408003222103111634416722504961,,30,Diploma,Diploma In Engineering,MECHANICAL ENGINEERING,
252504080032,https://www.tnprivatejobs.tn.gov.in/candidate/Home/ca_jobfairlist_single/252504080032,TIRUPPUR MICRO JOB FAIR - 25.04.2025,"COLLECTORATE BUILDING, 4TH FLOOR, ,DISTRICT EMPLOYMENT OFFICE, ROOM NO.439,TIRUPPUR DISTRICT","Tiruppur - PALLADAM ROAD, TIRUPPUR",25/04/2025 10:00 AM to 01:30 PM,https://www.tnprivatejobs.tn.gov.in/ViewData/jobfair_view/252504080032,"சிறிய அளவிலான தனியார் துறை வேலைவாய்ப்பு முகாம் 25.04.2025 காலை 10.00 மணிக்கு திருப்பூர் மாவட்ட வேலைவாய்ப்பு மற்றும் தொழில்நெறி வழிகாட்டும் மையம் அலுவலகத்தில் (அறை எண்.439-ல்) நடத்தப்படுகிறது. இம்முகாமில் 10ம் வகுப்பு,12ம் வகுப்பு, பட்டப்படிப்பு, ஐடிஐ, மற்றும் டிப்ளமா என படித்த இளைஞர்கள் அனைவரும் கலந்து கொள்ளலாம். முகாமில் கலந்து கொள்ள விரும்பும் வேலையளிக்கும் நிறுவனங்கள் மற்றும் வேலைநாடுநர்கள் https://www.tnprivatejobs.tn.gov.in என்ற தனியார்வேலை இணையத்தில் 23.04.2025 மாலை 6.00 மணிக்குள் முன்பதிவு செய்ய கேட்டுக்கொள்ளப்படுகிறது,மேலும் முகாமில் கலந்து கொள்ளும் வேலையளிக்கும் நிறுவனங்கள் தங்கள் நிறுவனத்திற்கு தகுதியான வேலைநாடுநர்களை தேர்வு செய்து பணிநியமன ஆணை முகாம் நாளன்று வழங்கப்படவேண்டும். இவ்வேலைவாய்ப்பு முகாம் முற்றிலும் இலவசமாக நடத்தப்படுகிறது. வேலையளிக்கும் நிறுவனத்தினரால் தேர்வு செய்யப்படும் நபர்களிடமிருந்து பயிற்சி கட்டணம்,முன்வைப்புத்தொகை,தேர்வு கட்டணம் அல்லது பிறவகையான கட்டணங்கள் ஏதும் கண்டிப்பாக வசூலிக்கப்பட கூடாது என அரசால் ஆணைகள் பிறப்பிக்கப்பட்டுள்ளது.இம்முகாமில் திருப்பூர் மாவட்டத்தைச் சார்ந்த வேலையளிக்கும் நிறுவனங்கள் மட்டும் முகாமில் கலந்து கொள்ளுமாறு கனிவுடன் தெரிவித்துக்கொள்ளப்படுகிறது.",,,,,3,V V PRINTERS,General Housekeeper,Tiruppur,2,"~15,000",25250408003222503141559048132504140,General Housekeeper,40,Below SSLC,Any,None,General Housekeeper
252504080032,https://www.tnprivatejobs.tn.gov.in/candidate/Home/ca_jobfairlist_single/252504080032,TIRUPPUR MICRO JOB FAIR - 25.04.2025,"COLLECTORATE BUILDING, 4TH FLOOR, ,DISTRICT EMPLOYMENT OFFICE, ROOM NO.439,TIRUPPUR DISTRICT","Tiruppur - PALLADAM ROAD, TIRUPPUR",25/04/2025 10:00 AM to 01:30 PM,https://www.tnprivatejobs.tn.gov.in/ViewData/jobfair_view/252504080032,"சிறிய அளவிலான தனியார் துறை வேலைவாய்ப்பு முகாம் 25.04.2025 காலை 10.00 மணிக்கு திருப்பூர் மாவட்ட வேலைவாய்ப்பு மற்றும் தொழில்நெறி வழிகாட்டும் மையம் அலுவலகத்தில் (அறை எண்.439-ல்) நடத்தப்படுகிறது. இம்முகாமில் 10ம் வகுப்பு,12ம் வகுப்பு, பட்டப்படிப்பு, ஐடிஐ, மற்றும் டிப்ளமா என படித்த இளைஞர்கள் அனைவரும் கலந்து கொள்ளலாம். முகாமில் கலந்து கொள்ள விரும்பும் வேலையளிக்கும் நிறுவனங்கள் மற்றும் வேலைநாடுநர்கள் https://www.tnprivatejobs.tn.gov.in என்ற தனியார்வேலை இணையத்தில் 23.04.2025 மாலை 6.00 மணிக்குள் முன்பதிவு செய்ய கேட்டுக்கொள்ளப்படுகிறது,மேலும் முகாமில் கலந்து கொள்ளும் வேலையளிக்கும் நிறுவனங்கள் தங்கள் நிறுவனத்திற்கு தகுதியான வேலைநாடுநர்களை தேர்வு செய்து பணிநியமன ஆணை முகாம் நாளன்று வழங்கப்படவேண்டும். இவ்வேலைவாய்ப்பு முகாம் முற்றிலும் இலவசமாக நடத்தப்படுகிறது. வேலையளிக்கும் நிறுவனத்தினரால் தேர்வு செய்யப்படும் நபர்களிடமிருந்து பயிற்சி கட்டணம்,முன்வைப்புத்தொகை,தேர்வு கட்டணம் அல்லது பிறவகையான கட்டணங்கள் ஏதும் கண்டிப்பாக வசூலிக்கப்பட கூடாது என அரசால் ஆணைகள் பிறப்பிக்கப்பட்டுள்ளது.இம்முகாமில் திருப்பூர் மாவட்டத்தைச் சார்ந்த வேலையளிக்கும் நிறுவனங்கள் மட்டும் முகாமில் கலந்து கொள்ளுமாறு கனிவுடன் தெரிவித்துக்கொள்ளப்படுகிறது.",,,,,4,V V PRINTERS,Trainee,Tiruppur,10,"~15,000",25250408003222503141559048132504569,Trainee,40,Below SSLC,Any,None,Trainer
252504080032,https://www.tnprivatejobs.tn.gov.in/candidate/Home/ca_jobfairlist_single/252504080032,TIRUPPUR MICRO JOB FAIR - 25.04.2025,"COLLECTORATE BUILDING, 4TH FLOOR, ,DISTRICT EMPLOYMENT OFFICE, ROOM NO.439,TIRUPPUR DISTRICT","Tiruppur - PALLADAM ROAD, TIRUPPUR",25/04/2025 10:00 AM to 01:30 PM,https://www.tnprivatejobs.tn.gov.in/ViewData/jobfair_view/252504080032,"சிறிய அளவிலான தனியார் துறை வேலைவாய்ப்பு முகாம் 25.04.2025 காலை 10.00 மணிக்கு திருப்பூர் மாவட்ட வேலைவாய்ப்பு மற்றும் தொழில்நெறி வழிகாட்டும் மையம் அலுவலகத்தில் (அறை எண்.439-ல்) நடத்தப்படுகிறது. இம்முகாமில் 10ம் வகுப்பு,12ம் வகுப்பு, பட்டப்படிப்பு, ஐடிஐ, மற்றும் டிப்ளமா என படித்த இளைஞர்கள் அனைவரும் கலந்து கொள்ளலாம். முகாமில் கலந்து கொள்ள விரும்பும் வேலையளிக்கும் நிறுவனங்கள் மற்றும் வேலைநாடுநர்கள் https://www.tnprivatejobs.tn.gov.in என்ற தனியார்வேலை இணையத்தில் 23.04.2025 மாலை 6.00 மணிக்குள் முன்பதிவு செய்ய கேட்டுக்கொள்ளப்படுகிறது,மேலும் முகாமில் கலந்து கொள்ளும் வேலையளிக்கும் நிறுவனங்கள் தங்கள் நிறுவனத்திற்கு தகுதியான வேலைநாடுநர்களை தேர்வு செய்து பணிநியமன ஆணை முகாம் நாளன்று வழங்கப்படவேண்டும். இவ்வேலைவாய்ப்பு முகாம் முற்றிலும் இலவசமாக நடத்தப்படுகிறது. வேலையளிக்கும் நிறுவனத்தினரால் தேர்வு செய்யப்படும் நபர்களிடமிருந்து பயிற்சி கட்டணம்,முன்வைப்புத்தொகை,தேர்வு கட்டணம் அல்லது பிறவகையான கட்டணங்கள் ஏதும் கண்டிப்பாக வசூலிக்கப்பட கூடாது என அரசால் ஆணைகள் பிறப்பிக்கப்பட்டுள்ளது.இம்முகாமில் திருப்பூர் மாவட்டத்தைச் சார்ந்த வேலையளிக்கும் நிறுவனங்கள் மட்டும் முகாமில் கலந்து கொள்ளுமாறு கனிவுடன் தெரிவித்துக்கொள்ளப்படுகிறது.",,,,,5,V V PRINTERS,Machine Operator,Tiruppur,10,"15,000 - 25,000",25250408003222503141559048132504344,Machine Operator,40,Below SSLC,Any,None,Printing Machine operator
252504080032,https://www.tnprivatejobs.tn.gov.in/candidate/Home/ca_jobfairlist_single/252504080032,TIRUPPUR MICRO JOB FAIR - 25.04.2025,"COLLECTORATE BUILDING, 4TH FLOOR, ,DISTRICT EMPLOYMENT OFFICE, ROOM NO.439,TIRUPPUR DISTRICT","Tiruppur - PALLADAM ROAD, TIRUPPUR",25/04/2025 10:00 AM to 01:30 PM,https://www.tnprivatejobs.tn.gov.in/ViewData/jobfair_view/252504080032,"சிறிய அளவிலான தனியார் துறை வேலைவாய்ப்பு முகாம் 25.04.2025 காலை 10.00 மணிக்கு திருப்பூர் மாவட்ட வேலைவாய்ப்பு மற்றும் தொழில்நெறி வழிகாட்டும் மையம் அலுவலகத்தில் (அறை எண்.439-ல்) நடத்தப்படுகிறது. இம்முகாமில் 10ம் வகுப்பு,12ம் வகுப்பு, பட்டப்படிப்பு, ஐடிஐ, மற்றும் டிப்ளமா என படித்த இளைஞர்கள் அனைவரும் கலந்து கொள்ளலாம். முகாமில் கலந்து கொள்ள விரும்பும் வேலையளிக்கும் நிறுவனங்கள் மற்றும் வேலைநாடுநர்கள் https://www.tnprivatejobs.tn.gov.in என்ற தனியார்வேலை இணையத்தில் 23.04.2025 மாலை 6.00 மணிக்குள் முன்பதிவு செய்ய கேட்டுக்கொள்ளப்படுகிறது,மேலும் முகாமில் கலந்து கொள்ளும் வேலையளிக்கும் நிறுவனங்கள் தங்கள் நிறுவனத்திற்கு தகுதியான வேலைநாடுநர்களை தேர்வு செய்து பணிநியமன ஆணை முகாம் நாளன்று வழங்கப்படவேண்டும். இவ்வேலைவாய்ப்பு முகாம் முற்றிலும் இலவசமாக நடத்தப்படுகிறது. வேலையளிக்கும் நிறுவனத்தினரால் தேர்வு செய்யப்படும் நபர்களிடமிருந்து பயிற்சி கட்டணம்,முன்வைப்புத்தொகை,தேர்வு கட்டணம் அல்லது பிறவகையான கட்டணங்கள் ஏதும் கண்டிப்பாக வசூலிக்கப்பட கூடாது என அரசால் ஆணைகள் பிறப்பிக்கப்பட்டுள்ளது.இம்முகாமில் திருப்பூர் மாவட்டத்தைச் சார்ந்த வேலையளிக்கும் நிறுவனங்கள் மட்டும் முகாமில் கலந்து கொள்ளுமாறு கனிவுடன் தெரிவித்துக்கொள்ளப்படுகிறது.",,,,,6,V V PRINTERS,PACKING HELPER,Tiruppur,10,"~15,000",25250408003222503141559048132504772,PACKING HELPER,40,Below SSLC,Any,None,Packing Checker
252504080032,https://www.tnprivatejobs.tn.gov.in/candidate/Home/ca_jobfairlist_single/252504080032,TIRUPPUR MICRO JOB FAIR - 25.04.2025,"COLLECTORATE BUILDING, 4TH FLOOR, ,DISTRICT EMPLOYMENT OFFICE, ROOM NO.439,TIRUPPUR DISTRICT","Tiruppur - PALLADAM ROAD, TIRUPPUR",25/04/2025 10:00 AM to 01:30 PM,https://www.tnprivatejobs.tn.gov.in/ViewData/jobfair_view/252504080032,"சிறிய அளவிலான தனியார் துறை வேலைவாய்ப்பு முகாம் 25.04.2025 காலை 10.00 மணிக்கு திருப்பூர் மாவட்ட வேலைவாய்ப்பு மற்றும் தொழில்நெறி வழிகாட்டும் மையம் அலுவலகத்தில் (அறை எண்.439-ல்) நடத்தப்படுகிறது. இம்முகாமில் 10ம் வகுப்பு,12ம் வகுப்பு, பட்டப்படிப்பு, ஐடிஐ, மற்றும் டிப்ளமா என படித்த இளைஞர்கள் அனைவரும் கலந்து கொள்ளலாம். முகாமில் கலந்து கொள்ள விரும்பும் வேலையளிக்கும் நிறுவனங்கள் மற்றும் வேலைநாடுநர்கள் https://www.tnprivatejobs.tn.gov.in என்ற தனியார்வேலை இணையத்தில் 23.04.2025 மாலை 6.00 மணிக்குள் முன்பதிவு செய்ய கேட்டுக்கொள்ளப்படுகிறது,மேலும் முகாமில் கலந்து கொள்ளும் வேலையளிக்கும் நிறுவனங்கள் தங்கள் நிறுவனத்திற்கு தகுதியான வேலைநாடுநர்களை தேர்வு செய்து பணிநியமன ஆணை முகாம் நாளன்று வழங்கப்படவேண்டும். இவ்வேலைவாய்ப்பு முகாம் முற்றிலும் இலவசமாக நடத்தப்படுகிறது. வேலையளிக்கும் நிறுவனத்தினரால் தேர்வு செய்யப்படும் நபர்களிடமிருந்து பயிற்சி கட்டணம்,முன்வைப்புத்தொகை,தேர்வு கட்டணம் அல்லது பிறவகையான கட்டணங்கள் ஏதும் கண்டிப்பாக வசூலிக்கப்பட கூடாது என அரசால் ஆணைகள் பிறப்பிக்கப்பட்டுள்ளது.இம்முகாமில் திருப்பூர் மாவட்டத்தைச் சார்ந்த வேலையளிக்கும் நிறுவனங்கள் மட்டும் முகாமில் கலந்து கொள்ளுமாறு கனிவுடன் தெரிவித்துக்கொள்ளப்படுகிறது.",,,,,7,V V PRINTERS,DRIVER,Tiruppur,2,"15,000 - 25,000",25250408003222503141559048132504377,DRIVER,40,SSLC,Any,None,Commercial Vehicle Driver
252504080032,https://www.tnprivatejobs.tn.gov.in/candidate/Home/ca_jobfairlist_single/252504080032,TIRUPPUR MICRO JOB FAIR - 25.04.2025,"COLLECTORATE BUILDING, 4TH FLOOR, ,DISTRICT EMPLOYMENT OFFICE, ROOM NO.439,TIRUPPUR DISTRICT","Tiruppur - PALLADAM ROAD, TIRUPPUR",25/04/2025 10:00 AM to 01:30 PM,https://www.tnprivatejobs.tn.gov.in/ViewData/jobfair_view/252504080032,"சிறிய அளவிலான தனியார் துறை வேலைவாய்ப்பு முகாம் 25.04.2025 காலை 10.00 மணிக்கு திருப்பூர் மாவட்ட வேலைவாய்ப்பு மற்றும் தொழில்நெறி வழிகாட்டும் மையம் அலுவலகத்தில் (அறை எண்.439-ல்) நடத்தப்படுகிறது. இம்முகாமில் 10ம் வகுப்பு,12ம் வகுப்பு, பட்டப்படிப்பு, ஐடிஐ, மற்றும் டிப்ளமா என படித்த இளைஞர்கள் அனைவரும் கலந்து கொள்ளலாம். முகாமில் கலந்து கொள்ள விரும்பும் வேலையளிக்கும் நிறுவனங்கள் மற்றும் வேலைநாடுநர்கள் https://www.tnprivatejobs.tn.gov.in என்ற தனியார்வேலை இணையத்தில் 23.04.2025 மாலை 6.00 மணிக்குள் முன்பதிவு செய்ய கேட்டுக்கொள்ளப்படுகிறது,மேலும் முகாமில் கலந்து கொள்ளும் வேலையளிக்கும் நிறுவனங்கள் தங்கள் நிறுவனத்திற்கு தகுதியான வேலைநாடுநர்களை தேர்வு செய்து பணிநியமன ஆணை முகாம் நாளன்று வழங்கப்படவேண்டும். இவ்வேலைவாய்ப்பு முகாம் முற்றிலும் இலவசமாக நடத்தப்படுகிறது. வேலையளிக்கும் நிறுவனத்தினரால் தேர்வு செய்யப்படும் நபர்களிடமிருந்து பயிற்சி கட்டணம்,முன்வைப்புத்தொகை,தேர்வு கட்டணம் அல்லது பிறவகையான கட்டணங்கள் ஏதும் கண்டிப்பாக வசூலிக்கப்பட கூடாது என அரசால் ஆணைகள் பிறப்பிக்கப்பட்டுள்ளது.இம்முகாமில் திருப்பூர் மாவட்டத்தைச் சார்ந்த வேலையளிக்கும் நிறுவனங்கள் மட்டும் முகாமில் கலந்து கொள்ளுமாறு கனிவுடன் தெரிவித்துக்கொள்ளப்படுகிறது.",,,,,8,S K ENTERPRISES,Below SSLC - Any,Chengalpattu,600,"15,000 - 25,000",25250408003222401041223301992504553,,35,Below SSLC,Any,None,
252504080032,https://www.tnprivatejobs.tn.gov.in/candidate/Home/ca_jobfairlist_single/252504080032,TIRUPPUR MICRO JOB FAIR - 25.04.2025,"COLLECTORATE BUILDING, 4TH FLOOR, ,DISTRICT EMPLOYMENT OFFICE, ROOM NO.439,TIRUPPUR DISTRICT","Tiruppur - PALLADAM ROAD, TIRUPPUR",25/04/2025 10:00 AM to 01:30 PM,https://www.tnprivatejobs.tn.gov.in/ViewData/jobfair_view/252504080032,"சிறிய அளவிலான தனியார் துறை வேலைவாய்ப்பு முகாம் 25.04.2025 காலை 10.00 மணிக்கு திருப்பூர் மாவட்ட வேலைவாய்ப்பு மற்றும் தொழில்நெறி வழிகாட்டும் மையம் அலுவலகத்தில் (அறை எண்.439-ல்) நடத்தப்படுகிறது. இம்முகாமில் 10ம் வகுப்பு,12ம் வகுப்பு, பட்டப்படிப்பு, ஐடிஐ, மற்றும் டிப்ளமா என படித்த இளைஞர்கள் அனைவரும் கலந்து கொள்ளலாம். முகாமில் கலந்து கொள்ள விரும்பும் வேலையளிக்கும் நிறுவனங்கள் மற்றும் வேலைநாடுநர்கள் https://www.tnprivatejobs.tn.gov.in என்ற தனியார்வேலை இணையத்தில் 23.04.2025 மாலை 6.00 மணிக்குள் முன்பதிவு செய்ய கேட்டுக்கொள்ளப்படுகிறது,மேலும் முகாமில் கலந்து கொள்ளும் வேலையளிக்கும் நிறுவனங்கள் தங்கள் நிறுவனத்திற்கு தகுதியான வேலைநாடுநர்களை தேர்வு செய்து பணிநியமன ஆணை முகாம் நாளன்று வழங்கப்படவேண்டும். இவ்வேலைவாய்ப்பு முகாம் முற்றிலும் இலவசமாக நடத்தப்படுகிறது. வேலையளிக்கும் நிறுவனத்தினரால் தேர்வு செய்யப்படும் நபர்களிடமிருந்து பயிற்சி கட்டணம்,முன்வைப்புத்தொகை,தேர்வு கட்டணம் அல்லது பிறவகையான கட்டணங்கள் ஏதும் கண்டிப்பாக வசூலிக்கப்பட கூடாது என அரசால் ஆணைகள் பிறப்பிக்கப்பட்டுள்ளது.இம்முகாமில் திருப்பூர் மாவட்டத்தைச் சார்ந்த வேலையளிக்கும் நிறுவனங்கள் மட்டும் முகாமில் கலந்து கொள்ளுமாறு கனிவுடன் தெரிவித்துக்கொள்ளப்படுகிறது.",,,,,9,SSG Insurance Brokers,Under Graduate - Any,Tiruppur,8,"~15,000",25250408003222308211131060122504797,,25,Under Graduate,Any,None,
252504080032,https://www.tnprivatejobs.tn.gov.in/candidate/Home/ca_jobfairlist_single/252504080032,TIRUPPUR MICRO JOB FAIR - 25.04.2025,"COLLECTORATE BUILDING, 4TH FLOOR, ,DISTRICT EMPLOYMENT OFFICE, ROOM NO.439,TIRUPPUR DISTRICT","Tiruppur - PALLADAM ROAD, TIRUPPUR",25/04/2025 10:00 AM to 01:30 PM,https://www.tnprivatejobs.tn.gov.in/ViewData/jobfair_view/252504080032,"சிறிய அளவிலான தனியார் துறை வேலைவாய்ப்பு முகாம் 25.04.2025 காலை 10.00 மணிக்கு திருப்பூர் மாவட்ட வேலைவாய்ப்பு மற்றும் தொழில்நெறி வழிகாட்டும் மையம் அலுவலகத்தில் (அறை எண்.439-ல்) நடத்தப்படுகிறது. இம்முகாமில் 10ம் வகுப்பு,12ம் வகுப்பு, பட்டப்படிப்பு, ஐடிஐ, மற்றும் டிப்ளமா என படித்த இளைஞர்கள் அனைவரும் கலந்து கொள்ளலாம். முகாமில் கலந்து கொள்ள விரும்பும் வேலையளிக்கும் நிறுவனங்கள் மற்றும் வேலைநாடுநர்கள் https://www.tnprivatejobs.tn.gov.in என்ற தனியார்வேலை இணையத்தில் 23.04.2025 மாலை 6.00 மணிக்குள் முன்பதிவு செய்ய கேட்டுக்கொள்ளப்படுகிறது,மேலும் முகாமில் கலந்து கொள்ளும் வேலையளிக்கும் நிறுவனங்கள் தங்கள் நிறுவனத்திற்கு தகுதியான வேலைநாடுநர்களை தேர்வு செய்து பணிநியமன ஆணை முகாம் நாளன்று வழங்கப்படவேண்டும். இவ்வேலைவாய்ப்பு முகாம் முற்றிலும் இலவசமாக நடத்தப்படுகிறது. வேலையளிக்கும் நிறுவனத்தினரால் தேர்வு செய்யப்படும் நபர்களிடமிருந்து பயிற்சி கட்டணம்,முன்வைப்புத்தொகை,தேர்வு கட்டணம் அல்லது பிறவகையான கட்டணங்கள் ஏதும் கண்டிப்பாக வசூலிக்கப்பட கூடாது என அரசால் ஆணைகள் பிறப்பிக்கப்பட்டுள்ளது.இம்முகாமில் திருப்பூர் மாவட்டத்தைச் சார்ந்த வேலையளிக்கும் நிறுவனங்கள் மட்டும் முகாமில் கலந்து கொள்ளுமாறு கனிவுடன் தெரிவித்துக்கொள்ளப்படுகிறது.",,,,,10,Ramani Cars Private Limited,Technician,Tiruppur,50,"~15,000",25250408003222211161554354082504747,Technician,40,Diploma,Diploma Others,OTHERS,"Automotive Sales Lead (Retail ), Automotive Service Technician (Two and Three Wheelers), Automotive Service Technician Level 3"
382504080023,https://www.tnprivatejobs.tn.gov.in/candidate/Home/ca_jobfairlist_single/382504080023,Tenkasi Micro Job Fair - 17 April 2025,"DISTRICT EMPLOYMENT AND CAREER GUIDANCE CENTRE - TENKASI, ,","Thenkasi - KUTHUKKALVALASAI , EBENESAR TILES SHOW ROOM Near and KFC BACK SIDE",17/04/2025 09:00 AM to 02:00 PM,https://www.tnprivatejobs.tn.gov.in/ViewData/jobfair_view/382504080023,"தென்காசி மாவட்ட வேலைவாய்ப்பு மற்றும் தொழில்நெறி வழிகாட்டும் மையம் சார்பில் தனியார்துறை வேலைவாய்ப்பு முகாம் வருகின்ற 17.04.2025 அன்று வியாழக்கிழமை காலை 10.00 மணி முதல் மதியம் 02.00 மணி வரை அலுவலக வளாகத்திலேயே வைத்து நடைபெற இருக்கிறது. இம்முகாமில் 8 ஆம் வகுப்பு தேர்ச்சி முதல் பட்டப்படிப்பு மற்றும் ஐ.டி.ஐ டிப்ளமோ ஆகிய கல்வித் தகுதி உடையவர்கள் கலந்து கொள்ளலாம் தனியார்துறை நிறுவனங்கள், திறன் பயிற்சி வழங்குநர்கள் தங்களுக்கு தேவையான பணியாளர்களை தேர்வு செய்ய வேலையளிப்போர்கள் (Employers) கீழ்காணும் கூகுள் படிவத்தை பூர்த்தி செய்யவும். https://forms.gle/eUyhkzetn4F3pocj9 மேலும் வேலைதேடும் தென்காசி மாவட்டத்தைச் சார்ந்த வேலைநாடுநர்கள் இம்முகாமில் கலந்து கொண்டு பயன்பெறலாம். வேலைதேடும் இளைஞர்கள்(Jobseekers) கீழ்காணும் கூகுள் படிவத்தை பூர்த்தி செய்யவும். https://forms.gle/xznQ7xT2W9iVhNrg9 அனுமதி இலவலசம். www.tnprivatejobs.tn.gov.in என்ற இணையதளத்தில் வேலையளிப்போர் Employer Login ல் மற்றும் வேலைநாடுநர்கள் Candidate Login ல்பதிவு செய்ய வேண்டும். தனியார் வேலைவாய்ப்பு முகாம் மூலம் பணிநியமனம் பெற்றவர்களது வேலைவாய்ப்பு அலுவலக பதிவு மூப்பு எவ்விதத்திலும் இரத்து செய்யப்படமாட்டாது",,,,,1,matrimony,Under Graduate - Bachelor of Arts - ENGLISH,Chennai,4,"15,000 - 25,000",38250408002322409161153091062504199,,35,Under Graduate,Bachelor of Arts,ENGLISH,
382504080023,https://www.tnprivatejobs.tn.gov.in/candidate/Home/ca_jobfairlist_single/382504080023,Tenkasi Micro Job Fair - 17 April 2025,"DISTRICT EMPLOYMENT AND CAREER GUIDANCE CENTRE - TENKASI, ,","Thenkasi - KUTHUKKALVALASAI , EBENESAR TILES SHOW ROOM Near and KFC BACK SIDE",17/04/2025 09:00 AM to 02:00 PM,https://www.tnprivatejobs.tn.gov.in/ViewData/jobfair_view/382504080023,"தென்காசி மாவட்ட வேலைவாய்ப்பு மற்றும் தொழில்நெறி வழிகாட்டும் மையம் சார்பில் தனியார்துறை வேலைவாய்ப்பு முகாம் வருகின்ற 17.04.2025 அன்று வியாழக்கிழமை காலை 10.00 மணி முதல் மதியம் 02.00 மணி வரை அலுவலக வளாகத்திலேயே வைத்து நடைபெற இருக்கிறது. இம்முகாமில் 8 ஆம் வகுப்பு தேர்ச்சி முதல் பட்டப்படிப்பு மற்றும் ஐ.டி.ஐ டிப்ளமோ ஆகிய கல்வித் தகுதி உடையவர்கள் கலந்து கொள்ளலாம் தனியார்துறை நிறுவனங்கள், திறன் பயிற்சி வழங்குநர்கள் தங்களுக்கு தேவையான பணியாளர்களை தேர்வு செய்ய வேலையளிப்போர்கள் (Employers) கீழ்காணும் கூகுள் படிவத்தை பூர்த்தி செய்யவும். https://forms.gle/eUyhkzetn4F3pocj9 மேலும் வேலைதேடும் தென்காசி மாவட்டத்தைச் சார்ந்த வேலைநாடுநர்கள் இம்முகாமில் கலந்து கொண்டு பயன்பெறலாம். வேலைதேடும் இளைஞர்கள்(Jobseekers) கீழ்காணும் கூகுள் படிவத்தை பூர்த்தி செய்யவும். https://forms.gle/xznQ7xT2W9iVhNrg9 அனுமதி இலவலசம். www.tnprivatejobs.tn.gov.in என்ற இணையதளத்தில் வேலையளிப்போர் Employer Login ல் மற்றும் வேலைநாடுநர்கள் Candidate Login ல்பதிவு செய்ய வேண்டும். தனியார் வேலைவாய்ப்பு முகாம் மூலம் பணிநியமனம் பெற்றவர்களது வேலைவாய்ப்பு அலுவலக பதிவு மூப்பு எவ்விதத்திலும் இரத்து செய்யப்படமாட்டாது",,,,,2,S K ENTERPRISES,Below SSLC - Any,Chennai,600,"15,000 - 25,000",38250408002322401041223301992504214,,35,Below SSLC,Any,None,
382504080023,https://www.tnprivatejobs.tn.gov.in/candidate/Home/ca_jobfairlist_single/382504080023,Tenkasi Micro Job Fair - 17 April 2025,"DISTRICT EMPLOYMENT AND CAREER GUIDANCE CENTRE - TENKASI, ,","Thenkasi - KUTHUKKALVALASAI , EBENESAR TILES SHOW ROOM Near and KFC BACK SIDE",17/04/2025 09:00 AM to 02:00 PM,https://www.tnprivatejobs.tn.gov.in/ViewData/jobfair_view/382504080023,"தென்காசி மாவட்ட வேலைவாய்ப்பு மற்றும் தொழில்நெறி வழிகாட்டும் மையம் சார்பில் தனியார்துறை வேலைவாய்ப்பு முகாம் வருகின்ற 17.04.2025 அன்று வியாழக்கிழமை காலை 10.00 மணி முதல் மதியம் 02.00 மணி வரை அலுவலக வளாகத்திலேயே வைத்து நடைபெற இருக்கிறது. இம்முகாமில் 8 ஆம் வகுப்பு தேர்ச்சி முதல் பட்டப்படிப்பு மற்றும் ஐ.டி.ஐ டிப்ளமோ ஆகிய கல்வித் தகுதி உடையவர்கள் கலந்து கொள்ளலாம் தனியார்துறை நிறுவனங்கள், திறன் பயிற்சி வழங்குநர்கள் தங்களுக்கு தேவையான பணியாளர்களை தேர்வு செய்ய வேலையளிப்போர்கள் (Employers) கீழ்காணும் கூகுள் படிவத்தை பூர்த்தி செய்யவும். https://forms.gle/eUyhkzetn4F3pocj9 மேலும் வேலைதேடும் தென்காசி மாவட்டத்தைச் சார்ந்த வேலைநாடுநர்கள் இம்முகாமில் கலந்து கொண்டு பயன்பெறலாம். வேலைதேடும் இளைஞர்கள்(Jobseekers) கீழ்காணும் கூகுள் படிவத்தை பூர்த்தி செய்யவும். https://forms.gle/xznQ7xT2W9iVhNrg9 அனுமதி இலவலசம். www.tnprivatejobs.tn.gov.in என்ற இணையதளத்தில் வேலையளிப்போர் Employer Login ல் மற்றும் வேலைநாடுநர்கள் Candidate Login ல்பதிவு செய்ய வேண்டும். தனியார் வேலைவாய்ப்பு முகாம் மூலம் பணிநியமனம் பெற்றவர்களது வேலைவாய்ப்பு அலுவலக பதிவு மூப்பு எவ்விதத்திலும் இரத்து செய்யப்படமாட்டாது",,,,,3,HINDUSTAN POWER LINKS,Business Development Executive,Thanjavur,100,"15,000 - 25,000",38250408002322206251121535542504668,Business Development Executive,25,Under Graduate,Any,None,Business Development Executive
382504080023,https://www.tnprivatejobs.tn.gov.in/candidate/Home/ca_jobfairlist_single/382504080023,Tenkasi Micro Job Fair - 17 April 2025,"DISTRICT EMPLOYMENT AND CAREER GUIDANCE CENTRE - TENKASI, ,","Thenkasi - KUTHUKKALVALASAI , EBENESAR TILES SHOW ROOM Near and KFC BACK SIDE",17/04/2025 09:00 AM to 02:00 PM,https://www.tnprivatejobs.tn.gov.in/ViewData/jobfair_view/382504080023,"தென்காசி மாவட்ட வேலைவாய்ப்பு மற்றும் தொழில்நெறி வழிகாட்டும் மையம் சார்பில் தனியார்துறை வேலைவாய்ப்பு முகாம் வருகின்ற 17.04.2025 அன்று வியாழக்கிழமை காலை 10.00 மணி முதல் மதியம் 02.00 மணி வரை அலுவலக வளாகத்திலேயே வைத்து நடைபெற இருக்கிறது. இம்முகாமில் 8 ஆம் வகுப்பு தேர்ச்சி முதல் பட்டப்படிப்பு மற்றும் ஐ.டி.ஐ டிப்ளமோ ஆகிய கல்வித் தகுதி உடையவர்கள் கலந்து கொள்ளலாம் தனியார்துறை நிறுவனங்கள், திறன் பயிற்சி வழங்குநர்கள் தங்களுக்கு தேவையான பணியாளர்களை தேர்வு செய்ய வேலையளிப்போர்கள் (Employers) கீழ்காணும் கூகுள் படிவத்தை பூர்த்தி செய்யவும். https://forms.gle/eUyhkzetn4F3pocj9 மேலும் வேலைதேடும் தென்காசி மாவட்டத்தைச் சார்ந்த வேலைநாடுநர்கள் இம்முகாமில் கலந்து கொண்டு பயன்பெறலாம். வேலைதேடும் இளைஞர்கள்(Jobseekers) கீழ்காணும் கூகுள் படிவத்தை பூர்த்தி செய்யவும். https://forms.gle/xznQ7xT2W9iVhNrg9 அனுமதி இலவலசம். www.tnprivatejobs.tn.gov.in என்ற இணையதளத்தில் வேலையளிப்போர் Employer Login ல் மற்றும் வேலைநாடுநர்கள் Candidate Login ல்பதிவு செய்ய வேண்டும். தனியார் வேலைவாய்ப்பு முகாம் மூலம் பணிநியமனம் பெற்றவர்களது வேலைவாய்ப்பு அலுவலக பதிவு மூப்பு எவ்விதத்திலும் இரத்து செய்யப்படமாட்டாது",,,,,4,SSG Insurance Brokers,Under Graduate - Any,Thenkasi,5,"~15,000",38250408002322308211131060122504776,,25,Under Graduate,Any,None,
382504080023,https://www.tnprivatejobs.tn.gov.in/candidate/Home/ca_jobfairlist_single/382504080023,Tenkasi Micro Job Fair - 17 April 2025,"DISTRICT EMPLOYMENT AND CAREER GUIDANCE CENTRE - TENKASI, ,","Thenkasi - KUTHUKKALVALASAI , EBENESAR TILES SHOW ROOM Near and KFC BACK SIDE",17/04/2025 09:00 AM to 02:00 PM,https://www.tnprivatejobs.tn.gov.in/ViewData/jobfair_view/382504080023,"தென்காசி மாவட்ட வேலைவாய்ப்பு மற்றும் தொழில்நெறி வழிகாட்டும் மையம் சார்பில் தனியார்துறை வேலைவாய்ப்பு முகாம் வருகின்ற 17.04.2025 அன்று வியாழக்கிழமை காலை 10.00 மணி முதல் மதியம் 02.00 மணி வரை அலுவலக வளாகத்திலேயே வைத்து நடைபெற இருக்கிறது. இம்முகாமில் 8 ஆம் வகுப்பு தேர்ச்சி முதல் பட்டப்படிப்பு மற்றும் ஐ.டி.ஐ டிப்ளமோ ஆகிய கல்வித் தகுதி உடையவர்கள் கலந்து கொள்ளலாம் தனியார்துறை நிறுவனங்கள், திறன் பயிற்சி வழங்குநர்கள் தங்களுக்கு தேவையான பணியாளர்களை தேர்வு செய்ய வேலையளிப்போர்கள் (Employers) கீழ்காணும் கூகுள் படிவத்தை பூர்த்தி செய்யவும். https://forms.gle/eUyhkzetn4F3pocj9 மேலும் வேலைதேடும் தென்காசி மாவட்டத்தைச் சார்ந்த வேலைநாடுநர்கள் இம்முகாமில் கலந்து கொண்டு பயன்பெறலாம். வேலைதேடும் இளைஞர்கள்(Jobseekers) கீழ்காணும் கூகுள் படிவத்தை பூர்த்தி செய்யவும். https://forms.gle/xznQ7xT2W9iVhNrg9 அனுமதி இலவலசம். www.tnprivatejobs.tn.gov.in என்ற இணையதளத்தில் வேலையளிப்போர் Employer Login ல் மற்றும் வேலைநாடுநர்கள் Candidate Login ல்பதிவு செய்ய வேண்டும். தனியார் வேலைவாய்ப்பு முகாம் மூலம் பணிநியமனம் பெற்றவர்களது வேலைவாய்ப்பு அலுவலக பதிவு மூப்பு எவ்விதத்திலும் இரத்து செய்யப்படமாட்டாது",,,,,5,TBC INSTITUTE,Business Development Executive,Kanniyakumari,55,"15,000 - 25,000",38250408002322312071653535452504667,Business Development Executive,25,Under Graduate,Bachelor of Education,None,"Business Development Executive, Management Trainee"
382504080023,https://www.tnprivatejobs.tn.gov.in/candidate/Home/ca_jobfairlist_single/382504080023,Tenkasi Micro Job Fair - 17 April 2025,"DISTRICT EMPLOYMENT AND CAREER GUIDANCE CENTRE - TENKASI, ,","Thenkasi - KUTHUKKALVALASAI , EBENESAR TILES SHOW ROOM Near and KFC BACK SIDE",17/04/2025 09:00 AM to 02:00 PM,https://www.tnprivatejobs.tn.gov.in/ViewData/jobfair_view/382504080023,"தென்காசி மாவட்ட வேலைவாய்ப்பு மற்றும் தொழில்நெறி வழிகாட்டும் மையம் சார்பில் தனியார்துறை வேலைவாய்ப்பு முகாம் வருகின்ற 17.04.2025 அன்று வியாழக்கிழமை காலை 10.00 மணி முதல் மதியம் 02.00 மணி வரை அலுவலக வளாகத்திலேயே வைத்து நடைபெற இருக்கிறது. இம்முகாமில் 8 ஆம் வகுப்பு தேர்ச்சி முதல் பட்டப்படிப்பு மற்றும் ஐ.டி.ஐ டிப்ளமோ ஆகிய கல்வித் தகுதி உடையவர்கள் கலந்து கொள்ளலாம் தனியார்துறை நிறுவனங்கள், திறன் பயிற்சி வழங்குநர்கள் தங்களுக்கு தேவையான பணியாளர்களை தேர்வு செய்ய வேலையளிப்போர்கள் (Employers) கீழ்காணும் கூகுள் படிவத்தை பூர்த்தி செய்யவும். https://forms.gle/eUyhkzetn4F3pocj9 மேலும் வேலைதேடும் தென்காசி மாவட்டத்தைச் சார்ந்த வேலைநாடுநர்கள் இம்முகாமில் கலந்து கொண்டு பயன்பெறலாம். வேலைதேடும் இளைஞர்கள்(Jobseekers) கீழ்காணும் கூகுள் படிவத்தை பூர்த்தி செய்யவும். https://forms.gle/xznQ7xT2W9iVhNrg9 அனுமதி இலவலசம். www.tnprivatejobs.tn.gov.in என்ற இணையதளத்தில் வேலையளிப்போர் Employer Login ல் மற்றும் வேலைநாடுநர்கள் Candidate Login ல்பதிவு செய்ய வேண்டும். தனியார் வேலைவாய்ப்பு முகாம் மூலம் பணிநியமனம் பெற்றவர்களது வேலைவாய்ப்பு அலுவலக பதிவு மூப்பு எவ்விதத்திலும் இரத்து செய்யப்படமாட்டாது",,,,,6,K K Enterprises,Below SSLC - Any,Kancheepuram,50,"15,000 - 25,000",38250408002322102081318448492504805,,32,Below SSLC,Any,None,
382504080023,https://www.tnprivatejobs.tn.gov.in/candidate/Home/ca_jobfairlist_single/382504080023,Tenkasi Micro Job Fair - 17 April 2025,"DISTRICT EMPLOYMENT AND CAREER GUIDANCE CENTRE - TENKASI, ,","Thenkasi - KUTHUKKALVALASAI , EBENESAR TILES SHOW ROOM Near and KFC BACK SIDE",17/04/2025 09:00 AM to 02:00 PM,https://www.tnprivatejobs.tn.gov.in/ViewData/jobfair_view/382504080023,"தென்காசி மாவட்ட வேலைவாய்ப்பு மற்றும் தொழில்நெறி வழிகாட்டும் மையம் சார்பில் தனியார்துறை வேலைவாய்ப்பு முகாம் வருகின்ற 17.04.2025 அன்று வியாழக்கிழமை காலை 10.00 மணி முதல் மதியம் 02.00 மணி வரை அலுவலக வளாகத்திலேயே வைத்து நடைபெற இருக்கிறது. இம்முகாமில் 8 ஆம் வகுப்பு தேர்ச்சி முதல் பட்டப்படிப்பு மற்றும் ஐ.டி.ஐ டிப்ளமோ ஆகிய கல்வித் தகுதி உடையவர்கள் கலந்து கொள்ளலாம் தனியார்துறை நிறுவனங்கள், திறன் பயிற்சி வழங்குநர்கள் தங்களுக்கு தேவையான பணியாளர்களை தேர்வு செய்ய வேலையளிப்போர்கள் (Employers) கீழ்காணும் கூகுள் படிவத்தை பூர்த்தி செய்யவும். https://forms.gle/eUyhkzetn4F3pocj9 மேலும் வேலைதேடும் தென்காசி மாவட்டத்தைச் சார்ந்த வேலைநாடுநர்கள் இம்முகாமில் கலந்து கொண்டு பயன்பெறலாம். வேலைதேடும் இளைஞர்கள்(Jobseekers) கீழ்காணும் கூகுள் படிவத்தை பூர்த்தி செய்யவும். https://forms.gle/xznQ7xT2W9iVhNrg9 அனுமதி இலவலசம். www.tnprivatejobs.tn.gov.in என்ற இணையதளத்தில் வேலையளிப்போர் Employer Login ல் மற்றும் வேலைநாடுநர்கள் Candidate Login ல்பதிவு செய்ய வேண்டும். தனியார் வேலைவாய்ப்பு முகாம் மூலம் பணிநியமனம் பெற்றவர்களது வேலைவாய்ப்பு அலுவலக பதிவு மூப்பு எவ்விதத்திலும் இரத்து செய்யப்படமாட்டாது",,,,,7,K K Enterprises,HSC - Any,Kancheepuram,50,"15,000 - 25,000",38250408002322102081318448492504992,,32,HSC,Any,None,
382504080023,https://www.tnprivatejobs.tn.gov.in/candidate/Home/ca_jobfairlist_single/382504080023,Tenkasi Micro Job Fair - 17 April 2025,"DISTRICT EMPLOYMENT AND CAREER GUIDANCE CENTRE - TENKASI, ,","Thenkasi - KUTHUKKALVALASAI , EBENESAR TILES SHOW ROOM Near and KFC BACK SIDE",17/04/2025 09:00 AM to 02:00 PM,https://www.tnprivatejobs.tn.gov.in/ViewData/jobfair_view/382504080023,"தென்காசி மாவட்ட வேலைவாய்ப்பு மற்றும் தொழில்நெறி வழிகாட்டும் மையம் சார்பில் தனியார்துறை வேலைவாய்ப்பு முகாம் வருகின்ற 17.04.2025 அன்று வியாழக்கிழமை காலை 10.00 மணி முதல் மதியம் 02.00 மணி வரை அலுவலக வளாகத்திலேயே வைத்து நடைபெற இருக்கிறது. இம்முகாமில் 8 ஆம் வகுப்பு தேர்ச்சி முதல் பட்டப்படிப்பு மற்றும் ஐ.டி.ஐ டிப்ளமோ ஆகிய கல்வித் தகுதி உடையவர்கள் கலந்து கொள்ளலாம் தனியார்துறை நிறுவனங்கள், திறன் பயிற்சி வழங்குநர்கள் தங்களுக்கு தேவையான பணியாளர்களை தேர்வு செய்ய வேலையளிப்போர்கள் (Employers) கீழ்காணும் கூகுள் படிவத்தை பூர்த்தி செய்யவும். https://forms.gle/eUyhkzetn4F3pocj9 மேலும் வேலைதேடும் தென்காசி மாவட்டத்தைச் சார்ந்த வேலைநாடுநர்கள் இம்முகாமில் கலந்து கொண்டு பயன்பெறலாம். வேலைதேடும் இளைஞர்கள்(Jobseekers) கீழ்காணும் கூகுள் படிவத்தை பூர்த்தி செய்யவும். https://forms.gle/xznQ7xT2W9iVhNrg9 அனுமதி இலவலசம். www.tnprivatejobs.tn.gov.in என்ற இணையதளத்தில் வேலையளிப்போர் Employer Login ல் மற்றும் வேலைநாடுநர்கள் Candidate Login ல்பதிவு செய்ய வேண்டும். தனியார் வேலைவாய்ப்பு முகாம் மூலம் பணிநியமனம் பெற்றவர்களது வேலைவாய்ப்பு அலுவலக பதிவு மூப்பு எவ்விதத்திலும் இரத்து செய்யப்படமாட்டாது",,,,,8,K K Enterprises,Diploma - Any,Kancheepuram,100,"15,000 - 25,000",38250408002322102081318448492504000,,28,Diploma,Any,None,
382504080023,https://www.tnprivatejobs.tn.gov.in/candidate/Home/ca_jobfairlist_single/382504080023,Tenkasi Micro Job Fair - 17 April 2025,"DISTRICT EMPLOYMENT AND CAREER GUIDANCE CENTRE - TENKASI, ,","Thenkasi - KUTHUKKALVALASAI , EBENESAR TILES SHOW ROOM Near and KFC BACK SIDE",17/04/2025 09:00 AM to 02:00 PM,https://www.tnprivatejobs.tn.gov.in/ViewData/jobfair_view/382504080023,"தென்காசி மாவட்ட வேலைவாய்ப்பு மற்றும் தொழில்நெறி வழிகாட்டும் மையம் சார்பில் தனியார்துறை வேலைவாய்ப்பு முகாம் வருகின்ற 17.04.2025 அன்று வியாழக்கிழமை காலை 10.00 மணி முதல் மதியம் 02.00 மணி வரை அலுவலக வளாகத்திலேயே வைத்து நடைபெற இருக்கிறது. இம்முகாமில் 8 ஆம் வகுப்பு தேர்ச்சி முதல் பட்டப்படிப்பு மற்றும் ஐ.டி.ஐ டிப்ளமோ ஆகிய கல்வித் தகுதி உடையவர்கள் கலந்து கொள்ளலாம் தனியார்துறை நிறுவனங்கள், திறன் பயிற்சி வழங்குநர்கள் தங்களுக்கு தேவையான பணியாளர்களை தேர்வு செய்ய வேலையளிப்போர்கள் (Employers) கீழ்காணும் கூகுள் படிவத்தை பூர்த்தி செய்யவும். https://forms.gle/eUyhkzetn4F3pocj9 மேலும் வேலைதேடும் தென்காசி மாவட்டத்தைச் சார்ந்த வேலைநாடுநர்கள் இம்முகாமில் கலந்து கொண்டு பயன்பெறலாம். வேலைதேடும் இளைஞர்கள்(Jobseekers) கீழ்காணும் கூகுள் படிவத்தை பூர்த்தி செய்யவும். https://forms.gle/xznQ7xT2W9iVhNrg9 அனுமதி இலவலசம். www.tnprivatejobs.tn.gov.in என்ற இணையதளத்தில் வேலையளிப்போர் Employer Login ல் மற்றும் வேலைநாடுநர்கள் Candidate Login ல்பதிவு செய்ய வேண்டும். தனியார் வேலைவாய்ப்பு முகாம் மூலம் பணிநியமனம் பெற்றவர்களது வேலைவாய்ப்பு அலுவலக பதிவு மூப்பு எவ்விதத்திலும் இரத்து செய்யப்படமாட்டாது",,,,,9,K K Enterprises,Under Graduate - Any,Kancheepuram,100,"15,000 - 25,000",38250408002322102081318448492504240,,32,Under Graduate,Any,None,
382504080023,https://www.tnprivatejobs.tn.gov.in/candidate/Home/ca_jobfairlist_single/382504080023,Tenkasi Micro Job Fair - 17 April 2025,"DISTRICT EMPLOYMENT AND CAREER GUIDANCE CENTRE - TENKASI, ,","Thenkasi - KUTHUKKALVALASAI , EBENESAR TILES SHOW ROOM Near and KFC BACK SIDE",17/04/2025 09:00 AM to 02:00 PM,https://www.tnprivatejobs.tn.gov.in/ViewData/jobfair_view/382504080023,"தென்காசி மாவட்ட வேலைவாய்ப்பு மற்றும் தொழில்நெறி வழிகாட்டும் மையம் சார்பில் தனியார்துறை வேலைவாய்ப்பு முகாம் வருகின்ற 17.04.2025 அன்று வியாழக்கிழமை காலை 10.00 மணி முதல் மதியம் 02.00 மணி வரை அலுவலக வளாகத்திலேயே வைத்து நடைபெற இருக்கிறது. இம்முகாமில் 8 ஆம் வகுப்பு தேர்ச்சி முதல் பட்டப்படிப்பு மற்றும் ஐ.டி.ஐ டிப்ளமோ ஆகிய கல்வித் தகுதி உடையவர்கள் கலந்து கொள்ளலாம் தனியார்துறை நிறுவனங்கள், திறன் பயிற்சி வழங்குநர்கள் தங்களுக்கு தேவையான பணியாளர்களை தேர்வு செய்ய வேலையளிப்போர்கள் (Employers) கீழ்காணும் கூகுள் படிவத்தை பூர்த்தி செய்யவும். https://forms.gle/eUyhkzetn4F3pocj9 மேலும் வேலைதேடும் தென்காசி மாவட்டத்தைச் சார்ந்த வேலைநாடுநர்கள் இம்முகாமில் கலந்து கொண்டு பயன்பெறலாம். வேலைதேடும் இளைஞர்கள்(Jobseekers) கீழ்காணும் கூகுள் படிவத்தை பூர்த்தி செய்யவும். https://forms.gle/xznQ7xT2W9iVhNrg9 அனுமதி இலவலசம். www.tnprivatejobs.tn.gov.in என்ற இணையதளத்தில் வேலையளிப்போர் Employer Login ல் மற்றும் வேலைநாடுநர்கள் Candidate Login ல்பதிவு செய்ய வேண்டும். தனியார் வேலைவாய்ப்பு முகாம் மூலம் பணிநியமனம் பெற்றவர்களது வேலைவாய்ப்பு அலுவலக பதிவு மூப்பு எவ்விதத்திலும் இரத்து செய்யப்படமாட்டாது",,,,,10,MRF TCR PLANT,Diploma - Any,Perambalur,100,"15,000 - 25,000",38250408002322411271028314422504350,,26,Diploma,Any,None,
142504040035,https://www.tnprivatejobs.tn.gov.in/candidate/Home/ca_jobfairlist_single/142504040035,Thiruvallur Micro Job Fair - April 2025,"District Employment and Career Guidance centre, Collector office campus, Perumbakkam-602001, Tiruvallur District ,",Tiruvallur - Near RTO OFFICE Thiruvallur,25/04/2025 09:00 AM to 02:00 PM,https://www.tnprivatejobs.tn.gov.in/ViewData/jobfair_view/142504040035,"• திருவள்ளூர் மாவட்ட வேலைவாய்ப்பு மற்றும் தொழில்நெறி வழிகாட்டும் மைய அலுவலகத்தில் 25.04.2025 வெள்ளிகிழமை அன்று தனியார் துறை வேலைவாய்ப்பு முகாம் நடைபெற உள்ளது. இம்முகாமில் 25 க்கும் மேற்பட்ட நிறுவனங்கள் கலந்து கொண்டு பணிவாய்ப்பு வழங்கிட உள்ளது. 10-ஆம் வகுப்பு, 12-ஆம் வகுப்பு, பட்டப்படிப்பு, டிப்ளோமா மற்றும் ஐ.டி.ஐ படித்த இளைஞர்கள் கலந்து கொள்ளலாம். கலந்து கொள்ள விரும்பும் வேலையளிப்பவர்கள் மற்றும் வேலைநாடுநர்கள் https://www.tnprivatejobs.tn.gov.in என்ற இணையதளத்தில் 24.04.2025-க்குள் முன்பதிவு செய்து கொள்ளலாம் . Employers should bring company seal ,company mini flex and laptop on the day of the job fair.For more information contact 9626456509, 6381552624, 7879565104 .****** SPOT REGISTRATION IS NOT ALLOWED. PRE BOOKING IS COMPULSORY****** FOR ANY DOUBTS regarding HOW TO APPLY in tnprivatejobs.tn.gov.in kindly check employer user manual in the home page of tnprivatejobsportal under how to apply chapter",,,,,1,Dr Reddys Foundation,Under Graduate - Bachelor of Commerce - ACCOUNTANCY&AUDITING,Chennai,30,"~15,000",14250404003522211261107285842504741,,35,Under Graduate,Bachelor of Commerce,ACCOUNTANCY&AUDITING,
142504040035,https://www.tnprivatejobs.tn.gov.in/candidate/Home/ca_jobfairlist_single/142504040035,Thiruvallur Micro Job Fair - April 2025,"District Employment and Career Guidance centre, Collector office campus, Perumbakkam-602001, Tiruvallur District ,",Tiruvallur - Near RTO OFFICE Thiruvallur,25/04/2025 09:00 AM to 02:00 PM,https://www.tnprivatejobs.tn.gov.in/ViewData/jobfair_view/142504040035,"• திருவள்ளூர் மாவட்ட வேலைவாய்ப்பு மற்றும் தொழில்நெறி வழிகாட்டும் மைய அலுவலகத்தில் 25.04.2025 வெள்ளிகிழமை அன்று தனியார் துறை வேலைவாய்ப்பு முகாம் நடைபெற உள்ளது. இம்முகாமில் 25 க்கும் மேற்பட்ட நிறுவனங்கள் கலந்து கொண்டு பணிவாய்ப்பு வழங்கிட உள்ளது. 10-ஆம் வகுப்பு, 12-ஆம் வகுப்பு, பட்டப்படிப்பு, டிப்ளோமா மற்றும் ஐ.டி.ஐ படித்த இளைஞர்கள் கலந்து கொள்ளலாம். கலந்து கொள்ள விரும்பும் வேலையளிப்பவர்கள் மற்றும் வேலைநாடுநர்கள் https://www.tnprivatejobs.tn.gov.in என்ற இணையதளத்தில் 24.04.2025-க்குள் முன்பதிவு செய்து கொள்ளலாம் . Employers should bring company seal ,company mini flex and laptop on the day of the job fair.For more information contact 9626456509, 6381552624, 7879565104 .****** SPOT REGISTRATION IS NOT ALLOWED. PRE BOOKING IS COMPULSORY****** FOR ANY DOUBTS regarding HOW TO APPLY in tnprivatejobs.tn.gov.in kindly check employer user manual in the home page of tnprivatejobsportal under how to apply chapter",,,,,2,UNIQ Technologies,Under Graduate - Bachelor of Engineering / Technology - ELECTRICAL AND ELECTRONIC ENGINEERING,Chennai,50,"15,000 - 25,000",14250404003522310280455446932504335,,32,Under Graduate,Bachelor of Engineering / Technology,ELECTRICAL AND ELECTRONIC ENGINEERING,
142504040035,https://www.tnprivatejobs.tn.gov.in/candidate/Home/ca_jobfairlist_single/142504040035,Thiruvallur Micro Job Fair - April 2025,"District Employment and Career Guidance centre, Collector office campus, Perumbakkam-602001, Tiruvallur District ,",Tiruvallur - Near RTO OFFICE Thiruvallur,25/04/2025 09:00 AM to 02:00 PM,https://www.tnprivatejobs.tn.gov.in/ViewData/jobfair_view/142504040035,"• திருவள்ளூர் மாவட்ட வேலைவாய்ப்பு மற்றும் தொழில்நெறி வழிகாட்டும் மைய அலுவலகத்தில் 25.04.2025 வெள்ளிகிழமை அன்று தனியார் துறை வேலைவாய்ப்பு முகாம் நடைபெற உள்ளது. இம்முகாமில் 25 க்கும் மேற்பட்ட நிறுவனங்கள் கலந்து கொண்டு பணிவாய்ப்பு வழங்கிட உள்ளது. 10-ஆம் வகுப்பு, 12-ஆம் வகுப்பு, பட்டப்படிப்பு, டிப்ளோமா மற்றும் ஐ.டி.ஐ படித்த இளைஞர்கள் கலந்து கொள்ளலாம். கலந்து கொள்ள விரும்பும் வேலையளிப்பவர்கள் மற்றும் வேலைநாடுநர்கள் https://www.tnprivatejobs.tn.gov.in என்ற இணையதளத்தில் 24.04.2025-க்குள் முன்பதிவு செய்து கொள்ளலாம் . Employers should bring company seal ,company mini flex and laptop on the day of the job fair.For more information contact 9626456509, 6381552624, 7879565104 .****** SPOT REGISTRATION IS NOT ALLOWED. PRE BOOKING IS COMPULSORY****** FOR ANY DOUBTS regarding HOW TO APPLY in tnprivatejobs.tn.gov.in kindly check employer user manual in the home page of tnprivatejobsportal under how to apply chapter",,,,,3,CH SOLUTIONS,Under Graduate - Bachelor of Engineering / Technology - ELECTRICAL AND ELECTRONIC ENGINEERING,Chennai,50,"15,000 - 25,000",14250404003522401231453208132504856,,32,Under Graduate,Bachelor of Engineering / Technology,ELECTRICAL AND ELECTRONIC ENGINEERING,
142504040035,https://www.tnprivatejobs.tn.gov.in/candidate/Home/ca_jobfairlist_single/142504040035,Thiruvallur Micro Job Fair - April 2025,"District Employment and Career Guidance centre, Collector office campus, Perumbakkam-602001, Tiruvallur District ,",Tiruvallur - Near RTO OFFICE Thiruvallur,25/04/2025 09:00 AM to 02:00 PM,https://www.tnprivatejobs.tn.gov.in/ViewData/jobfair_view/142504040035,"• திருவள்ளூர் மாவட்ட வேலைவாய்ப்பு மற்றும் தொழில்நெறி வழிகாட்டும் மைய அலுவலகத்தில் 25.04.2025 வெள்ளிகிழமை அன்று தனியார் துறை வேலைவாய்ப்பு முகாம் நடைபெற உள்ளது. இம்முகாமில் 25 க்கும் மேற்பட்ட நிறுவனங்கள் கலந்து கொண்டு பணிவாய்ப்பு வழங்கிட உள்ளது. 10-ஆம் வகுப்பு, 12-ஆம் வகுப்பு, பட்டப்படிப்பு, டிப்ளோமா மற்றும் ஐ.டி.ஐ படித்த இளைஞர்கள் கலந்து கொள்ளலாம். கலந்து கொள்ள விரும்பும் வேலையளிப்பவர்கள் மற்றும் வேலைநாடுநர்கள் https://www.tnprivatejobs.tn.gov.in என்ற இணையதளத்தில் 24.04.2025-க்குள் முன்பதிவு செய்து கொள்ளலாம் . Employers should bring company seal ,company mini flex and laptop on the day of the job fair.For more information contact 9626456509, 6381552624, 7879565104 .****** SPOT REGISTRATION IS NOT ALLOWED. PRE BOOKING IS COMPULSORY****** FOR ANY DOUBTS regarding HOW TO APPLY in tnprivatejobs.tn.gov.in kindly check employer user manual in the home page of tnprivatejobsportal under how to apply chapter",,,,,4,CHIRON SKILL PROGRAM DEVELOPMENT PVT LTD,Medical Records & health Information Technician,Chennai,60,"15,000 - 25,000",14250404003522502211304289462504513,Medical Records & health Information Technician,35,Under Graduate,Bachelor of Science,None,Medical Records & health Information Technician
142504040035,https://www.tnprivatejobs.tn.gov.in/candidate/Home/ca_jobfairlist_single/142504040035,Thiruvallur Micro Job Fair - April 2025,"District Employment and Career Guidance centre, Collector office campus, Perumbakkam-602001, Tiruvallur District ,",Tiruvallur - Near RTO OFFICE Thiruvallur,25/04/2025 09:00 AM to 02:00 PM,https://www.tnprivatejobs.tn.gov.in/ViewData/jobfair_view/142504040035,"• திருவள்ளூர் மாவட்ட வேலைவாய்ப்பு மற்றும் தொழில்நெறி வழிகாட்டும் மைய அலுவலகத்தில் 25.04.2025 வெள்ளிகிழமை அன்று தனியார் துறை வேலைவாய்ப்பு முகாம் நடைபெற உள்ளது. இம்முகாமில் 25 க்கும் மேற்பட்ட நிறுவனங்கள் கலந்து கொண்டு பணிவாய்ப்பு வழங்கிட உள்ளது. 10-ஆம் வகுப்பு, 12-ஆம் வகுப்பு, பட்டப்படிப்பு, டிப்ளோமா மற்றும் ஐ.டி.ஐ படித்த இளைஞர்கள் கலந்து கொள்ளலாம். கலந்து கொள்ள விரும்பும் வேலையளிப்பவர்கள் மற்றும் வேலைநாடுநர்கள் https://www.tnprivatejobs.tn.gov.in என்ற இணையதளத்தில் 24.04.2025-க்குள் முன்பதிவு செய்து கொள்ளலாம் . Employers should bring company seal ,company mini flex and laptop on the day of the job fair.For more information contact 9626456509, 6381552624, 7879565104 .****** SPOT REGISTRATION IS NOT ALLOWED. PRE BOOKING IS COMPULSORY****** FOR ANY DOUBTS regarding HOW TO APPLY in tnprivatejobs.tn.gov.in kindly check employer user manual in the home page of tnprivatejobsportal under how to apply chapter",,,,,5,CHIRON SKILL PROGRAM DEVELOPMENT PVT LTD,Customer Care Executive (Call Centre),Chennai,60,"~15,000",14250404003522502211304289462504834,Customer Care Executive (Call Centre),35,HSC,Any,None,"Associate-Customer Care (Non-Voice), Customer Care Executive, Customer Care Executive (Call Centre)"
142504040035,https://www.tnprivatejobs.tn.gov.in/candidate/Home/ca_jobfairlist_single/142504040035,Thiruvallur Micro Job Fair - April 2025,"District Employment and Career Guidance centre, Collector office campus, Perumbakkam-602001, Tiruvallur District ,",Tiruvallur - Near RTO OFFICE Thiruvallur,25/04/2025 09:00 AM to 02:00 PM,https://www.tnprivatejobs.tn.gov.in/ViewData/jobfair_view/142504040035,"• திருவள்ளூர் மாவட்ட வேலைவாய்ப்பு மற்றும் தொழில்நெறி வழிகாட்டும் மைய அலுவலகத்தில் 25.04.2025 வெள்ளிகிழமை அன்று தனியார் துறை வேலைவாய்ப்பு முகாம் நடைபெற உள்ளது. இம்முகாமில் 25 க்கும் மேற்பட்ட நிறுவனங்கள் கலந்து கொண்டு பணிவாய்ப்பு வழங்கிட உள்ளது. 10-ஆம் வகுப்பு, 12-ஆம் வகுப்பு, பட்டப்படிப்பு, டிப்ளோமா மற்றும் ஐ.டி.ஐ படித்த இளைஞர்கள் கலந்து கொள்ளலாம். கலந்து கொள்ள விரும்பும் வேலையளிப்பவர்கள் மற்றும் வேலைநாடுநர்கள் https://www.tnprivatejobs.tn.gov.in என்ற இணையதளத்தில் 24.04.2025-க்குள் முன்பதிவு செய்து கொள்ளலாம் . Employers should bring company seal ,company mini flex and laptop on the day of the job fair.For more information contact 9626456509, 6381552624, 7879565104 .****** SPOT REGISTRATION IS NOT ALLOWED. PRE BOOKING IS COMPULSORY****** FOR ANY DOUBTS regarding HOW TO APPLY in tnprivatejobs.tn.gov.in kindly check employer user manual in the home page of tnprivatejobsportal under how to apply chapter",,,,,6,CHIRON SKILL PROGRAM DEVELOPMENT PVT LTD,SECURITY GUARD,Chennai,60,"~15,000",14250404003522502211304289462504514,SECURITY GUARD,45,SSLC,Any,None,"Personal Security Officer, Security Supervisor, Unarmed Security Guard"
142504040035,https://www.tnprivatejobs.tn.gov.in/candidate/Home/ca_jobfairlist_single/142504040035,Thiruvallur Micro Job Fair - April 2025,"District Employment and Career Guidance centre, Collector office campus, Perumbakkam-602001, Tiruvallur District ,",Tiruvallur - Near RTO OFFICE Thiruvallur,25/04/2025 09:00 AM to 02:00 PM,https://www.tnprivatejobs.tn.gov.in/ViewData/jobfair_view/142504040035,"• திருவள்ளூர் மாவட்ட வேலைவாய்ப்பு மற்றும் தொழில்நெறி வழிகாட்டும் மைய அலுவலகத்தில் 25.04.2025 வெள்ளிகிழமை அன்று தனியார் துறை வேலைவாய்ப்பு முகாம் நடைபெற உள்ளது. இம்முகாமில் 25 க்கும் மேற்பட்ட நிறுவனங்கள் கலந்து கொண்டு பணிவாய்ப்பு வழங்கிட உள்ளது. 10-ஆம் வகுப்பு, 12-ஆம் வகுப்பு, பட்டப்படிப்பு, டிப்ளோமா மற்றும் ஐ.டி.ஐ படித்த இளைஞர்கள் கலந்து கொள்ளலாம். கலந்து கொள்ள விரும்பும் வேலையளிப்பவர்கள் மற்றும் வேலைநாடுநர்கள் https://www.tnprivatejobs.tn.gov.in என்ற இணையதளத்தில் 24.04.2025-க்குள் முன்பதிவு செய்து கொள்ளலாம் . Employers should bring company seal ,company mini flex and laptop on the day of the job fair.For more information contact 9626456509, 6381552624, 7879565104 .****** SPOT REGISTRATION IS NOT ALLOWED. PRE BOOKING IS COMPULSORY****** FOR ANY DOUBTS regarding HOW TO APPLY in tnprivatejobs.tn.gov.in kindly check employer user manual in the home page of tnprivatejobsportal under how to apply chapter",,,,,7,Svasti Microfinance Pvt Ltd,Microfinance Executive,Tiruvallur,10,"~15,000",14250404003522407121208297012504989,Microfinance Executive,30,SSLC,Any,None,"Customer Relationship Executive, Customer Relationship Manager"
142504040035,https://www.tnprivatejobs.tn.gov.in/candidate/Home/ca_jobfairlist_single/142504040035,Thiruvallur Micro Job Fair - April 2025,"District Employment and Career Guidance centre, Collector office campus, Perumbakkam-602001, Tiruvallur District ,",Tiruvallur - Near RTO OFFICE Thiruvallur,25/04/2025 09:00 AM to 02:00 PM,https://www.tnprivatejobs.tn.gov.in/ViewData/jobfair_view/142504040035,"• திருவள்ளூர் மாவட்ட வேலைவாய்ப்பு மற்றும் தொழில்நெறி வழிகாட்டும் மைய அலுவலகத்தில் 25.04.2025 வெள்ளிகிழமை அன்று தனியார் துறை வேலைவாய்ப்பு முகாம் நடைபெற உள்ளது. இம்முகாமில் 25 க்கும் மேற்பட்ட நிறுவனங்கள் கலந்து கொண்டு பணிவாய்ப்பு வழங்கிட உள்ளது. 10-ஆம் வகுப்பு, 12-ஆம் வகுப்பு, பட்டப்படிப்பு, டிப்ளோமா மற்றும் ஐ.டி.ஐ படித்த இளைஞர்கள் கலந்து கொள்ளலாம். கலந்து கொள்ள விரும்பும் வேலையளிப்பவர்கள் மற்றும் வேலைநாடுநர்கள் https://www.tnprivatejobs.tn.gov.in என்ற இணையதளத்தில் 24.04.2025-க்குள் முன்பதிவு செய்து கொள்ளலாம் . Employers should bring company seal ,company mini flex and laptop on the day of the job fair.For more information contact 9626456509, 6381552624, 7879565104 .****** SPOT REGISTRATION IS NOT ALLOWED. PRE BOOKING IS COMPULSORY****** FOR ANY DOUBTS regarding HOW TO APPLY in tnprivatejobs.tn.gov.in kindly check employer user manual in the home page of tnprivatejobsportal under how to apply chapter",,,,,8,CHIRON SKILL PROGRAM DEVELOPMENT PVT LTD,Front Office Associate,Chennai,60,"~15,000",14250404003522502211304289462504650,Front Office Associate,45,HSC,Any,None,"Front Line Health Worker, Front Office Associate, Front Office Executive, Front Office Trainee, Hospital Front Desk Coordinator"
142504040035,https://www.tnprivatejobs.tn.gov.in/candidate/Home/ca_jobfairlist_single/142504040035,Thiruvallur Micro Job Fair - April 2025,"District Employment and Career Guidance centre, Collector office campus, Perumbakkam-602001, Tiruvallur District ,",Tiruvallur - Near RTO OFFICE Thiruvallur,25/04/2025 09:00 AM to 02:00 PM,https://www.tnprivatejobs.tn.gov.in/ViewData/jobfair_view/142504040035,"• திருவள்ளூர் மாவட்ட வேலைவாய்ப்பு மற்றும் தொழில்நெறி வழிகாட்டும் மைய அலுவலகத்தில் 25.04.2025 வெள்ளிகிழமை அன்று தனியார் துறை வேலைவாய்ப்பு முகாம் நடைபெற உள்ளது. இம்முகாமில் 25 க்கும் மேற்பட்ட நிறுவனங்கள் கலந்து கொண்டு பணிவாய்ப்பு வழங்கிட உள்ளது. 10-ஆம் வகுப்பு, 12-ஆம் வகுப்பு, பட்டப்படிப்பு, டிப்ளோமா மற்றும் ஐ.டி.ஐ படித்த இளைஞர்கள் கலந்து கொள்ளலாம். கலந்து கொள்ள விரும்பும் வேலையளிப்பவர்கள் மற்றும் வேலைநாடுநர்கள் https://www.tnprivatejobs.tn.gov.in என்ற இணையதளத்தில் 24.04.2025-க்குள் முன்பதிவு செய்து கொள்ளலாம் . Employers should bring company seal ,company mini flex and laptop on the day of the job fair.For more information contact 9626456509, 6381552624, 7879565104 .****** SPOT REGISTRATION IS NOT ALLOWED. PRE BOOKING IS COMPULSORY****** FOR ANY DOUBTS regarding HOW TO APPLY in tnprivatejobs.tn.gov.in kindly check employer user manual in the home page of tnprivatejobsportal under how to apply chapter",,,,,9,CHIRON SKILL PROGRAM DEVELOPMENT PVT LTD,Chef-de-partie,Chennai,60,"~15,000",14250404003522502211304289462504563,Chef-de-partie,35,HSC,Any,None,"Chef-de-partie, Commis Chef, Trainee Chef"
142504040035,https://www.tnprivatejobs.tn.gov.in/candidate/Home/ca_jobfairlist_single/142504040035,Thiruvallur Micro Job Fair - April 2025,"District Employment and Career Guidance centre, Collector office campus, Perumbakkam-602001, Tiruvallur District ,",Tiruvallur - Near RTO OFFICE Thiruvallur,25/04/2025 09:00 AM to 02:00 PM,https://www.tnprivatejobs.tn.gov.in/ViewData/jobfair_view/142504040035,"• திருவள்ளூர் மாவட்ட வேலைவாய்ப்பு மற்றும் தொழில்நெறி வழிகாட்டும் மைய அலுவலகத்தில் 25.04.2025 வெள்ளிகிழமை அன்று தனியார் துறை வேலைவாய்ப்பு முகாம் நடைபெற உள்ளது. இம்முகாமில் 25 க்கும் மேற்பட்ட நிறுவனங்கள் கலந்து கொண்டு பணிவாய்ப்பு வழங்கிட உள்ளது. 10-ஆம் வகுப்பு, 12-ஆம் வகுப்பு, பட்டப்படிப்பு, டிப்ளோமா மற்றும் ஐ.டி.ஐ படித்த இளைஞர்கள் கலந்து கொள்ளலாம். கலந்து கொள்ள விரும்பும் வேலையளிப்பவர்கள் மற்றும் வேலைநாடுநர்கள் https://www.tnprivatejobs.tn.gov.in என்ற இணையதளத்தில் 24.04.2025-க்குள் முன்பதிவு செய்து கொள்ளலாம் . Employers should bring company seal ,company mini flex and laptop on the day of the job fair.For more information contact 9626456509, 6381552624, 7879565104 .****** SPOT REGISTRATION IS NOT ALLOWED. PRE BOOKING IS COMPULSORY****** FOR ANY DOUBTS regarding HOW TO APPLY in tnprivatejobs.tn.gov.in kindly check employer user manual in the home page of tnprivatejobsportal under how to apply chapter",,,,,10,CHIRON SKILL PROGRAM DEVELOPMENT PVT LTD,Housekeeping Attendant (Manual Cleaning),Chennai,90,"~15,000",14250404003522502211304289462504855,Housekeeping Attendant (Manual Cleaning),40,SSLC,Any,None,"House Keeping with Mechanised Equipment, Housekeeper cum Cook, Housekeeping Attendant (Manual Cleaning), Housekeeping Supervisor, Housekeeping Trainee"
62504090030,https://www.tnprivatejobs.tn.gov.in/candidate/Home/ca_jobfairlist_single/62504090030,Tirunelveli Micro Job Fair-17/04/2025,"District Employment and Career Guidance Centre ,17C- Chithambaram Nagar, Perumalpuram C Colony, Tirunelveli",Tirunelveli - Near Lalitha School,17/04/2025 10:00 AM to 01:00 PM,https://www.tnprivatejobs.tn.gov.in/ViewData/jobfair_view/62504090030,"Qualification: 8th- Degree/Diploma/ITI No. Of Companies: 20 above No. of Vacancies: 200 above Place: District Employment and Career Guidance Centre,17C- Chithambaram Nagar, Perumalpuram C Colony, Tirunelveli",,,,,1,John Saw Mill Pvt Ltd,Under Graduate - Any,Tirunelveli,10,"~15,000",6250409003022408071700261522504988,,40,Under Graduate,Any,None,
62504090030,https://www.tnprivatejobs.tn.gov.in/candidate/Home/ca_jobfairlist_single/62504090030,Tirunelveli Micro Job Fair-17/04/2025,"District Employment and Career Guidance Centre ,17C- Chithambaram Nagar, Perumalpuram C Colony, Tirunelveli",Tirunelveli - Near Lalitha School,17/04/2025 10:00 AM to 01:00 PM,https://www.tnprivatejobs.tn.gov.in/ViewData/jobfair_view/62504090030,"Qualification: 8th- Degree/Diploma/ITI No. Of Companies: 20 above No. of Vacancies: 200 above Place: District Employment and Career Guidance Centre,17C- Chithambaram Nagar, Perumalpuram C Colony, Tirunelveli",,,,,2,ADROIT AUTOMATION INDIA P LTD,SSLC - Any,Tirunelveli,35,"~15,000",6250409003022012221150123532504644,,45,SSLC,Any,None,
62504090030,https://www.tnprivatejobs.tn.gov.in/candidate/Home/ca_jobfairlist_single/62504090030,Tirunelveli Micro Job Fair-17/04/2025,"District Employment and Career Guidance Centre ,17C- Chithambaram Nagar, Perumalpuram C Colony, Tirunelveli",Tirunelveli - Near Lalitha School,17/04/2025 10:00 AM to 01:00 PM,https://www.tnprivatejobs.tn.gov.in/ViewData/jobfair_view/62504090030,"Qualification: 8th- Degree/Diploma/ITI No. Of Companies: 20 above No. of Vacancies: 200 above Place: District Employment and Career Guidance Centre,17C- Chithambaram Nagar, Perumalpuram C Colony, Tirunelveli",,,,,3,BURLI GROUP,HSC - Any,Tirunelveli,30,"~15,000",6250409003022306091017188772504285,,45,HSC,Any,None,
62504090030,https://www.tnprivatejobs.tn.gov.in/candidate/Home/ca_jobfairlist_single/62504090030,Tirunelveli Micro Job Fair-17/04/2025,"District Employment and Career Guidance Centre ,17C- Chithambaram Nagar, Perumalpuram C Colony, Tirunelveli",Tirunelveli - Near Lalitha School,17/04/2025 10:00 AM to 01:00 PM,https://www.tnprivatejobs.tn.gov.in/ViewData/jobfair_view/62504090030,"Qualification: 8th- Degree/Diploma/ITI No. Of Companies: 20 above No. of Vacancies: 200 above Place: District Employment and Career Guidance Centre,17C- Chithambaram Nagar, Perumalpuram C Colony, Tirunelveli",,,,,4,Chaitanya India Fin Credit Pvt Ltd,SSLC - Any,Tirunelveli,15,"~15,000",6250409003022104201615063752504773,,40,SSLC,Any,None,
62504090030,https://www.tnprivatejobs.tn.gov.in/candidate/Home/ca_jobfairlist_single/62504090030,Tirunelveli Micro Job Fair-17/04/2025,"District Employment and Career Guidance Centre ,17C- Chithambaram Nagar, Perumalpuram C Colony, Tirunelveli",Tirunelveli - Near Lalitha School,17/04/2025 10:00 AM to 01:00 PM,https://www.tnprivatejobs.tn.gov.in/ViewData/jobfair_view/62504090030,"Qualification: 8th- Degree/Diploma/ITI No. Of Companies: 20 above No. of Vacancies: 200 above Place: District Employment and Career Guidance Centre,17C- Chithambaram Nagar, Perumalpuram C Colony, Tirunelveli",,,,,5,Sri Saastha engineering company,Diploma - Any,Tirunelveli,50,"~15,000",6250409003022006260819333372504326,,45,Diploma,Any,None,
62504090030,https://www.tnprivatejobs.tn.gov.in/candidate/Home/ca_jobfairlist_single/62504090030,Tirunelveli Micro Job Fair-17/04/2025,"District Employment and Career Guidance Centre ,17C- Chithambaram Nagar, Perumalpuram C Colony, Tirunelveli",Tirunelveli - Near Lalitha School,17/04/2025 10:00 AM to 01:00 PM,https://www.tnprivatejobs.tn.gov.in/ViewData/jobfair_view/62504090030,"Qualification: 8th- Degree/Diploma/ITI No. Of Companies: 20 above No. of Vacancies: 200 above Place: District Employment and Career Guidance Centre,17C- Chithambaram Nagar, Perumalpuram C Colony, Tirunelveli",,,,,6,Everest group,Under Graduate - Any,Tirunelveli,12,"~15,000",6250409003022502071722396012504159,,45,Under Graduate,Any,None,
62504090030,https://www.tnprivatejobs.tn.gov.in/candidate/Home/ca_jobfairlist_single/62504090030,Tirunelveli Micro Job Fair-17/04/2025,"District Employment and Career Guidance Centre ,17C- Chithambaram Nagar, Perumalpuram C Colony, Tirunelveli",Tirunelveli - Near Lalitha School,17/04/2025 10:00 AM to 01:00 PM,https://www.tnprivatejobs.tn.gov.in/ViewData/jobfair_view/62504090030,"Qualification: 8th- Degree/Diploma/ITI No. Of Companies: 20 above No. of Vacancies: 200 above Place: District Employment and Career Guidance Centre,17C- Chithambaram Nagar, Perumalpuram C Colony, Tirunelveli",,,,,7,Hari Balakrishna Automobiles,SSLC - Any,Tirunelveli,20,"15,000 - 25,000",6250409003022207181701443012504793,,45,SSLC,Any,None,
62504090030,https://www.tnprivatejobs.tn.gov.in/candidate/Home/ca_jobfairlist_single/62504090030,Tirunelveli Micro Job Fair-17/04/2025,"District Employment and Career Guidance Centre ,17C- Chithambaram Nagar, Perumalpuram C Colony, Tirunelveli",Tirunelveli - Near Lalitha School,17/04/2025 10:00 AM to 01:00 PM,https://www.tnprivatejobs.tn.gov.in/ViewData/jobfair_view/62504090030,"Qualification: 8th- Degree/Diploma/ITI No. Of Companies: 20 above No. of Vacancies: 200 above Place: District Employment and Career Guidance Centre,17C- Chithambaram Nagar, Perumalpuram C Colony, Tirunelveli",,,,,8,Prograd,Under Graduate - Any,Tirunelveli,60,"15,000 - 25,000",6250409003022209191138291852504651,,45,Under Graduate,Any,None,
62504090030,https://www.tnprivatejobs.tn.gov.in/candidate/Home/ca_jobfairlist_single/62504090030,Tirunelveli Micro Job Fair-17/04/2025,"District Employment and Career Guidance Centre ,17C- Chithambaram Nagar, Perumalpuram C Colony, Tirunelveli",Tirunelveli - Near Lalitha School,17/04/2025 10:00 AM to 01:00 PM,https://www.tnprivatejobs.tn.gov.in/ViewData/jobfair_view/62504090030,"Qualification: 8th- Degree/Diploma/ITI No. Of Companies: 20 above No. of Vacancies: 200 above Place: District Employment and Career Guidance Centre,17C- Chithambaram Nagar, Perumalpuram C Colony, Tirunelveli",,,,,9,Steps To Skills Academy,HSC - Any,Tirunelveli,25,"~15,000",6250409003022406181233044532504613,,45,HSC,Any,None,
62504090030,https://www.tnprivatejobs.tn.gov.in/candidate/Home/ca_jobfairlist_single/62504090030,Tirunelveli Micro Job Fair-17/04/2025,"District Employment and Career Guidance Centre ,17C- Chithambaram Nagar, Perumalpuram C Colony, Tirunelveli",Tirunelveli - Near Lalitha School,17/04/2025 10:00 AM to 01:00 PM,https://www.tnprivatejobs.tn.gov.in/ViewData/jobfair_view/62504090030,"Qualification: 8th- Degree/Diploma/ITI No. Of Companies: 20 above No. of Vacancies: 200 above Place: District Employment and Career Guidance Centre,17C- Chithambaram Nagar, Perumalpuram C Colony, Tirunelveli",,,,,10,NELLAI SYSTEMS AND SERVICES,Under Graduate - Any,Tirunelveli,20,"~15,000",6250409003022207181744112632504248,,45,Under Graduate,Any,None,
112504030026,https://www.tnprivatejobs.tn.gov.in/candidate/Home/ca_jobfairlist_single/112504030026,Nilgiris Micro Job Fair - April 2025,"District Employment and career guidance centre ,Block 4 Additional Collectorate, Fingerpost",Nilgiris - Block 4,25/04/2025 09:00 AM to 04:00 PM,https://www.tnprivatejobs.tn.gov.in/ViewData/jobfair_view/112504030026,"Micro Job Fair – 25th April 2025 at District Employment and Career Guidance Centre, Ooty The District Employment and Career Guidance Centre, Ooty, is organizing a Micro Job Fair on 25th April 2025 to provide job opportunities for aspiring candidates. This event will bring together leading employers from various industries, offering multiple job openings for freshers and experienced professionals. Key Highlights: ✅ Date: 25th April 2025 ✅ Venue: District Employment and Career Guidance Centre, Ooty ✅ Time: 10:00 AM – 4:00 PM ✅ Industries Covered: IT, Healthcare, Retail, Manufacturing, Banking, and more ✅ Eligibility: Freshers, Experienced Candidates, and Job Seekers from various educational backgrounds Job seekers can interact directly with recruiters, explore various career opportunities, and participate in on-the-spot interviews. Candidates are advised to bring multiple copies of their resumes, identity proof, and relevant certificates. Don't miss this golden opportunity to kickstart or advance your career! Register now www.tnprivatejobs.tn.gov.in and take a step towards your dream job!",,,,,1,RITE CONS SERVICES,Trainee,Chengalpattu,150,"15,000 - 25,000",11250403002622503031117057212504420,Trainee,26,Diploma,Any,None,Production Assistant
112504030026,https://www.tnprivatejobs.tn.gov.in/candidate/Home/ca_jobfairlist_single/112504030026,Nilgiris Micro Job Fair - April 2025,"District Employment and career guidance centre ,Block 4 Additional Collectorate, Fingerpost",Nilgiris - Block 4,25/04/2025 09:00 AM to 04:00 PM,https://www.tnprivatejobs.tn.gov.in/ViewData/jobfair_view/112504030026,"Micro Job Fair – 25th April 2025 at District Employment and Career Guidance Centre, Ooty The District Employment and Career Guidance Centre, Ooty, is organizing a Micro Job Fair on 25th April 2025 to provide job opportunities for aspiring candidates. This event will bring together leading employers from various industries, offering multiple job openings for freshers and experienced professionals. Key Highlights: ✅ Date: 25th April 2025 ✅ Venue: District Employment and Career Guidance Centre, Ooty ✅ Time: 10:00 AM – 4:00 PM ✅ Industries Covered: IT, Healthcare, Retail, Manufacturing, Banking, and more ✅ Eligibility: Freshers, Experienced Candidates, and Job Seekers from various educational backgrounds Job seekers can interact directly with recruiters, explore various career opportunities, and participate in on-the-spot interviews. Candidates are advised to bring multiple copies of their resumes, identity proof, and relevant certificates. Don't miss this golden opportunity to kickstart or advance your career! Register now www.tnprivatejobs.tn.gov.in and take a step towards your dream job!",,,,,2,RITE CONS SERVICES,Trainee,Chengalpattu,150,"15,000 - 25,000",11250403002622503031117057212504954,Trainee,26,Under Graduate,Any,None,Production Assistant
112504030026,https://www.tnprivatejobs.tn.gov.in/candidate/Home/ca_jobfairlist_single/112504030026,Nilgiris Micro Job Fair - April 2025,"District Employment and career guidance centre ,Block 4 Additional Collectorate, Fingerpost",Nilgiris - Block 4,25/04/2025 09:00 AM to 04:00 PM,https://www.tnprivatejobs.tn.gov.in/ViewData/jobfair_view/112504030026,"Micro Job Fair – 25th April 2025 at District Employment and Career Guidance Centre, Ooty The District Employment and Career Guidance Centre, Ooty, is organizing a Micro Job Fair on 25th April 2025 to provide job opportunities for aspiring candidates. This event will bring together leading employers from various industries, offering multiple job openings for freshers and experienced professionals. Key Highlights: ✅ Date: 25th April 2025 ✅ Venue: District Employment and Career Guidance Centre, Ooty ✅ Time: 10:00 AM – 4:00 PM ✅ Industries Covered: IT, Healthcare, Retail, Manufacturing, Banking, and more ✅ Eligibility: Freshers, Experienced Candidates, and Job Seekers from various educational backgrounds Job seekers can interact directly with recruiters, explore various career opportunities, and participate in on-the-spot interviews. Candidates are advised to bring multiple copies of their resumes, identity proof, and relevant certificates. Don't miss this golden opportunity to kickstart or advance your career! Register now www.tnprivatejobs.tn.gov.in and take a step towards your dream job!",,,,,3,RITE CONS SERVICES,Trainee,Chengalpattu,125,"15,000 - 25,000",11250403002622503031117057212504391,Trainee,29,Diploma,Any,None,Production Assistant
112504030026,https://www.tnprivatejobs.tn.gov.in/candidate/Home/ca_jobfairlist_single/112504030026,Nilgiris Micro Job Fair - April 2025,"District Employment and career guidance centre ,Block 4 Additional Collectorate, Fingerpost",Nilgiris - Block 4,25/04/2025 09:00 AM to 04:00 PM,https://www.tnprivatejobs.tn.gov.in/ViewData/jobfair_view/112504030026,"Micro Job Fair – 25th April 2025 at District Employment and Career Guidance Centre, Ooty The District Employment and Career Guidance Centre, Ooty, is organizing a Micro Job Fair on 25th April 2025 to provide job opportunities for aspiring candidates. This event will bring together leading employers from various industries, offering multiple job openings for freshers and experienced professionals. Key Highlights: ✅ Date: 25th April 2025 ✅ Venue: District Employment and Career Guidance Centre, Ooty ✅ Time: 10:00 AM – 4:00 PM ✅ Industries Covered: IT, Healthcare, Retail, Manufacturing, Banking, and more ✅ Eligibility: Freshers, Experienced Candidates, and Job Seekers from various educational backgrounds Job seekers can interact directly with recruiters, explore various career opportunities, and participate in on-the-spot interviews. Candidates are advised to bring multiple copies of their resumes, identity proof, and relevant certificates. Don't miss this golden opportunity to kickstart or advance your career! Register now www.tnprivatejobs.tn.gov.in and take a step towards your dream job!",,,,,4,Muthoot Finance Pvt Ltd,Under Graduate - Any,Nilgiris,50,"~15,000",11250403002622102031836367012504149,,28,Under Graduate,Any,None,
112504030026,https://www.tnprivatejobs.tn.gov.in/candidate/Home/ca_jobfairlist_single/112504030026,Nilgiris Micro Job Fair - April 2025,"District Employment and career guidance centre ,Block 4 Additional Collectorate, Fingerpost",Nilgiris - Block 4,25/04/2025 09:00 AM to 04:00 PM,https://www.tnprivatejobs.tn.gov.in/ViewData/jobfair_view/112504030026,"Micro Job Fair – 25th April 2025 at District Employment and Career Guidance Centre, Ooty The District Employment and Career Guidance Centre, Ooty, is organizing a Micro Job Fair on 25th April 2025 to provide job opportunities for aspiring candidates. This event will bring together leading employers from various industries, offering multiple job openings for freshers and experienced professionals. Key Highlights: ✅ Date: 25th April 2025 ✅ Venue: District Employment and Career Guidance Centre, Ooty ✅ Time: 10:00 AM – 4:00 PM ✅ Industries Covered: IT, Healthcare, Retail, Manufacturing, Banking, and more ✅ Eligibility: Freshers, Experienced Candidates, and Job Seekers from various educational backgrounds Job seekers can interact directly with recruiters, explore various career opportunities, and participate in on-the-spot interviews. Candidates are advised to bring multiple copies of their resumes, identity proof, and relevant certificates. Don't miss this golden opportunity to kickstart or advance your career! Register now www.tnprivatejobs.tn.gov.in and take a step towards your dream job!",,,,,5,Muthoot Finance Pvt Ltd,Telecaller,Tiruppur,40,"~15,000",11250403002622102031836367012504046,Telecaller,28,Under Graduate,Any,None,Customer Care Executive
112504030026,https://www.tnprivatejobs.tn.gov.in/candidate/Home/ca_jobfairlist_single/112504030026,Nilgiris Micro Job Fair - April 2025,"District Employment and career guidance centre ,Block 4 Additional Collectorate, Fingerpost",Nilgiris - Block 4,25/04/2025 09:00 AM to 04:00 PM,https://www.tnprivatejobs.tn.gov.in/ViewData/jobfair_view/112504030026,"Micro Job Fair – 25th April 2025 at District Employment and Career Guidance Centre, Ooty The District Employment and Career Guidance Centre, Ooty, is organizing a Micro Job Fair on 25th April 2025 to provide job opportunities for aspiring candidates. This event will bring together leading employers from various industries, offering multiple job openings for freshers and experienced professionals. Key Highlights: ✅ Date: 25th April 2025 ✅ Venue: District Employment and Career Guidance Centre, Ooty ✅ Time: 10:00 AM – 4:00 PM ✅ Industries Covered: IT, Healthcare, Retail, Manufacturing, Banking, and more ✅ Eligibility: Freshers, Experienced Candidates, and Job Seekers from various educational backgrounds Job seekers can interact directly with recruiters, explore various career opportunities, and participate in on-the-spot interviews. Candidates are advised to bring multiple copies of their resumes, identity proof, and relevant certificates. Don't miss this golden opportunity to kickstart or advance your career! Register now www.tnprivatejobs.tn.gov.in and take a step towards your dream job!",,,,,6,ANNUR COTTON MILLS,Diploma - Diploma Others - OTHERS,Coimbatore,35,"15,000 - 25,000",11250403002622304171738157102504050,,35,Diploma,Diploma Others,OTHERS,
112504030026,https://www.tnprivatejobs.tn.gov.in/candidate/Home/ca_jobfairlist_single/112504030026,Nilgiris Micro Job Fair - April 2025,"District Employment and career guidance centre ,Block 4 Additional Collectorate, Fingerpost",Nilgiris - Block 4,25/04/2025 09:00 AM to 04:00 PM,https://www.tnprivatejobs.tn.gov.in/ViewData/jobfair_view/112504030026,"Micro Job Fair – 25th April 2025 at District Employment and Career Guidance Centre, Ooty The District Employment and Career Guidance Centre, Ooty, is organizing a Micro Job Fair on 25th April 2025 to provide job opportunities for aspiring candidates. This event will bring together leading employers from various industries, offering multiple job openings for freshers and experienced professionals. Key Highlights: ✅ Date: 25th April 2025 ✅ Venue: District Employment and Career Guidance Centre, Ooty ✅ Time: 10:00 AM – 4:00 PM ✅ Industries Covered: IT, Healthcare, Retail, Manufacturing, Banking, and more ✅ Eligibility: Freshers, Experienced Candidates, and Job Seekers from various educational backgrounds Job seekers can interact directly with recruiters, explore various career opportunities, and participate in on-the-spot interviews. Candidates are advised to bring multiple copies of their resumes, identity proof, and relevant certificates. Don't miss this golden opportunity to kickstart or advance your career! Register now www.tnprivatejobs.tn.gov.in and take a step towards your dream job!",,,,,7,Muthoot Finance Pvt Ltd,Microfinance Executive,Nilgiris,60,"~15,000",11250403002622102031836367012504180,Microfinance Executive,28,Under Graduate,Any,None,Loan Approval Officer
112504030026,https://www.tnprivatejobs.tn.gov.in/candidate/Home/ca_jobfairlist_single/112504030026,Nilgiris Micro Job Fair - April 2025,"District Employment and career guidance centre ,Block 4 Additional Collectorate, Fingerpost",Nilgiris - Block 4,25/04/2025 09:00 AM to 04:00 PM,https://www.tnprivatejobs.tn.gov.in/ViewData/jobfair_view/112504030026,"Micro Job Fair – 25th April 2025 at District Employment and Career Guidance Centre, Ooty The District Employment and Career Guidance Centre, Ooty, is organizing a Micro Job Fair on 25th April 2025 to provide job opportunities for aspiring candidates. This event will bring together leading employers from various industries, offering multiple job openings for freshers and experienced professionals. Key Highlights: ✅ Date: 25th April 2025 ✅ Venue: District Employment and Career Guidance Centre, Ooty ✅ Time: 10:00 AM – 4:00 PM ✅ Industries Covered: IT, Healthcare, Retail, Manufacturing, Banking, and more ✅ Eligibility: Freshers, Experienced Candidates, and Job Seekers from various educational backgrounds Job seekers can interact directly with recruiters, explore various career opportunities, and participate in on-the-spot interviews. Candidates are advised to bring multiple copies of their resumes, identity proof, and relevant certificates. Don't miss this golden opportunity to kickstart or advance your career! Register now www.tnprivatejobs.tn.gov.in and take a step towards your dream job!",,,,,8,RmKV Silks Pvt Ltd,Below SSLC - Any,Coimbatore,200,"15,000 - 25,000",11250403002622210141928526122504900,,40,Below SSLC,Any,None,
112504030026,https://www.tnprivatejobs.tn.gov.in/candidate/Home/ca_jobfairlist_single/112504030026,Nilgiris Micro Job Fair - April 2025,"District Employment and career guidance centre ,Block 4 Additional Collectorate, Fingerpost",Nilgiris - Block 4,25/04/2025 09:00 AM to 04:00 PM,https://www.tnprivatejobs.tn.gov.in/ViewData/jobfair_view/112504030026,"Micro Job Fair – 25th April 2025 at District Employment and Career Guidance Centre, Ooty The District Employment and Career Guidance Centre, Ooty, is organizing a Micro Job Fair on 25th April 2025 to provide job opportunities for aspiring candidates. This event will bring together leading employers from various industries, offering multiple job openings for freshers and experienced professionals. Key Highlights: ✅ Date: 25th April 2025 ✅ Venue: District Employment and Career Guidance Centre, Ooty ✅ Time: 10:00 AM – 4:00 PM ✅ Industries Covered: IT, Healthcare, Retail, Manufacturing, Banking, and more ✅ Eligibility: Freshers, Experienced Candidates, and Job Seekers from various educational backgrounds Job seekers can interact directly with recruiters, explore various career opportunities, and participate in on-the-spot interviews. Candidates are advised to bring multiple copies of their resumes, identity proof, and relevant certificates. Don't miss this golden opportunity to kickstart or advance your career! Register now www.tnprivatejobs.tn.gov.in and take a step towards your dream job!",,,,,9,RmKV Silks Pvt Ltd,Retail Sales Associate,Coimbatore,200,"15,000 - 25,000",11250403002622210141928526122504857,Retail Sales Associate ,40,Below SSLC,Any,None,Retail Sales Associate
112504030026,https://www.tnprivatejobs.tn.gov.in/candidate/Home/ca_jobfairlist_single/112504030026,Nilgiris Micro Job Fair - April 2025,"District Employment and career guidance centre ,Block 4 Additional Collectorate, Fingerpost",Nilgiris - Block 4,25/04/2025 09:00 AM to 04:00 PM,https://www.tnprivatejobs.tn.gov.in/ViewData/jobfair_view/112504030026,"Micro Job Fair – 25th April 2025 at District Employment and Career Guidance Centre, Ooty The District Employment and Career Guidance Centre, Ooty, is organizing a Micro Job Fair on 25th April 2025 to provide job opportunities for aspiring candidates. This event will bring together leading employers from various industries, offering multiple job openings for freshers and experienced professionals. Key Highlights: ✅ Date: 25th April 2025 ✅ Venue: District Employment and Career Guidance Centre, Ooty ✅ Time: 10:00 AM – 4:00 PM ✅ Industries Covered: IT, Healthcare, Retail, Manufacturing, Banking, and more ✅ Eligibility: Freshers, Experienced Candidates, and Job Seekers from various educational backgrounds Job seekers can interact directly with recruiters, explore various career opportunities, and participate in on-the-spot interviews. Candidates are advised to bring multiple copies of their resumes, identity proof, and relevant certificates. Don't miss this golden opportunity to kickstart or advance your career! Register now www.tnprivatejobs.tn.gov.in and take a step towards your dream job!",,,,,10,S K ENTERPRISES,Diploma - Any,Chengalpattu,600,"15,000 - 25,000",11250403002622401041223301992504087,,35,Diploma,Any,None,
152504090039,https://www.tnprivatejobs.tn.gov.in/candidate/Home/ca_jobfairlist_single/152504090039,Namakkal -17.04.2025 - Micro Job Fair,"DISTRICT EMPLOYMENT CAREER AND GUIDANCE CENTRE, , MOHANUR ROAD, THILLAIPURAM, NAMAKKAL-637001, Namakkal, ,",Namakkal - Opposite to BSNL Office,17/04/2025 10:00 AM to 03:00 PM,https://www.tnprivatejobs.tn.gov.in/ViewData/jobfair_view/152504090039,"NAMAKKAL - MICRO JOB FAIR – APR 2025 VENUE - DISTRICT EMPLOYMENT AND CAREER GUIDANCE CENTRE, NAMAKKAL DATE OF JOB FAIR - 17.04.2025 : : TIMINGS - 10.00 A.M TO 3.00 P.M. NO.OF EMPLOYERS EXPECTED TO PARTICIPATE - MORE THAN 25 EMPLOYERS NO.OF JOB SEEKERS EXPECTED TO PARTICIPATE - MORE THAN 100 JOB SEEKERS NO.OF VACANCIES EXPECTED - MORE THAN 300 VACANCIES QUALIFICATION - 8TH, 10TH, +2 PASS, ITI, DIPLOMA, ANY DEGREE, ANY PG",,,,,1,S K ENTERPRISES,Diploma - Diploma Others - OTHERS,Chengalpattu,600,"15,000 - 25,000",15250409003922401041223301992504980,,35,Diploma,Diploma Others,OTHERS,
152504090039,https://www.tnprivatejobs.tn.gov.in/candidate/Home/ca_jobfairlist_single/152504090039,Namakkal -17.04.2025 - Micro Job Fair,"DISTRICT EMPLOYMENT CAREER AND GUIDANCE CENTRE, , MOHANUR ROAD, THILLAIPURAM, NAMAKKAL-637001, Namakkal, ,",Namakkal - Opposite to BSNL Office,17/04/2025 10:00 AM to 03:00 PM,https://www.tnprivatejobs.tn.gov.in/ViewData/jobfair_view/152504090039,"NAMAKKAL - MICRO JOB FAIR – APR 2025 VENUE - DISTRICT EMPLOYMENT AND CAREER GUIDANCE CENTRE, NAMAKKAL DATE OF JOB FAIR - 17.04.2025 : : TIMINGS - 10.00 A.M TO 3.00 P.M. NO.OF EMPLOYERS EXPECTED TO PARTICIPATE - MORE THAN 25 EMPLOYERS NO.OF JOB SEEKERS EXPECTED TO PARTICIPATE - MORE THAN 100 JOB SEEKERS NO.OF VACANCIES EXPECTED - MORE THAN 300 VACANCIES QUALIFICATION - 8TH, 10TH, +2 PASS, ITI, DIPLOMA, ANY DEGREE, ANY PG",,,,,2,BRIGHT INDIA,Trainee,Tiruppur,45,"~15,000",15250409003922409271327358372504370,Trainee,32,Diploma,Any,None,Accounts Executive
152504090039,https://www.tnprivatejobs.tn.gov.in/candidate/Home/ca_jobfairlist_single/152504090039,Namakkal -17.04.2025 - Micro Job Fair,"DISTRICT EMPLOYMENT CAREER AND GUIDANCE CENTRE, , MOHANUR ROAD, THILLAIPURAM, NAMAKKAL-637001, Namakkal, ,",Namakkal - Opposite to BSNL Office,17/04/2025 10:00 AM to 03:00 PM,https://www.tnprivatejobs.tn.gov.in/ViewData/jobfair_view/152504090039,"NAMAKKAL - MICRO JOB FAIR – APR 2025 VENUE - DISTRICT EMPLOYMENT AND CAREER GUIDANCE CENTRE, NAMAKKAL DATE OF JOB FAIR - 17.04.2025 : : TIMINGS - 10.00 A.M TO 3.00 P.M. NO.OF EMPLOYERS EXPECTED TO PARTICIPATE - MORE THAN 25 EMPLOYERS NO.OF JOB SEEKERS EXPECTED TO PARTICIPATE - MORE THAN 100 JOB SEEKERS NO.OF VACANCIES EXPECTED - MORE THAN 300 VACANCIES QUALIFICATION - 8TH, 10TH, +2 PASS, ITI, DIPLOMA, ANY DEGREE, ANY PG",,,,,3,SSG Insurance Brokers,Under Graduate - Any,Namakkal,2,"~15,000",15250409003922308211131060122504859,,25,Under Graduate,Any,None,
152504090039,https://www.tnprivatejobs.tn.gov.in/candidate/Home/ca_jobfairlist_single/152504090039,Namakkal -17.04.2025 - Micro Job Fair,"DISTRICT EMPLOYMENT CAREER AND GUIDANCE CENTRE, , MOHANUR ROAD, THILLAIPURAM, NAMAKKAL-637001, Namakkal, ,",Namakkal - Opposite to BSNL Office,17/04/2025 10:00 AM to 03:00 PM,https://www.tnprivatejobs.tn.gov.in/ViewData/jobfair_view/152504090039,"NAMAKKAL - MICRO JOB FAIR – APR 2025 VENUE - DISTRICT EMPLOYMENT AND CAREER GUIDANCE CENTRE, NAMAKKAL DATE OF JOB FAIR - 17.04.2025 : : TIMINGS - 10.00 A.M TO 3.00 P.M. NO.OF EMPLOYERS EXPECTED TO PARTICIPATE - MORE THAN 25 EMPLOYERS NO.OF JOB SEEKERS EXPECTED TO PARTICIPATE - MORE THAN 100 JOB SEEKERS NO.OF VACANCIES EXPECTED - MORE THAN 300 VACANCIES QUALIFICATION - 8TH, 10TH, +2 PASS, ITI, DIPLOMA, ANY DEGREE, ANY PG",,,,,4,Shri Pranav Textile Creations Private Limited,Tailor,Thiruchirappalli,20,"~15,000",15250409003922502271939506272504937,Tailor,40,Below SSLC,Any,None,Self Employed Tailor
152504090039,https://www.tnprivatejobs.tn.gov.in/candidate/Home/ca_jobfairlist_single/152504090039,Namakkal -17.04.2025 - Micro Job Fair,"DISTRICT EMPLOYMENT CAREER AND GUIDANCE CENTRE, , MOHANUR ROAD, THILLAIPURAM, NAMAKKAL-637001, Namakkal, ,",Namakkal - Opposite to BSNL Office,17/04/2025 10:00 AM to 03:00 PM,https://www.tnprivatejobs.tn.gov.in/ViewData/jobfair_view/152504090039,"NAMAKKAL - MICRO JOB FAIR – APR 2025 VENUE - DISTRICT EMPLOYMENT AND CAREER GUIDANCE CENTRE, NAMAKKAL DATE OF JOB FAIR - 17.04.2025 : : TIMINGS - 10.00 A.M TO 3.00 P.M. NO.OF EMPLOYERS EXPECTED TO PARTICIPATE - MORE THAN 25 EMPLOYERS NO.OF JOB SEEKERS EXPECTED TO PARTICIPATE - MORE THAN 100 JOB SEEKERS NO.OF VACANCIES EXPECTED - MORE THAN 300 VACANCIES QUALIFICATION - 8TH, 10TH, +2 PASS, ITI, DIPLOMA, ANY DEGREE, ANY PG",,,,,5,Shri Pranav Textile Creations Private Limited,Under Graduate - Any,Thiruchirappalli,5,7500-10000,15250409003922502271939506272504871,,30,Under Graduate,Any,None,
152504090039,https://www.tnprivatejobs.tn.gov.in/candidate/Home/ca_jobfairlist_single/152504090039,Namakkal -17.04.2025 - Micro Job Fair,"DISTRICT EMPLOYMENT CAREER AND GUIDANCE CENTRE, , MOHANUR ROAD, THILLAIPURAM, NAMAKKAL-637001, Namakkal, ,",Namakkal - Opposite to BSNL Office,17/04/2025 10:00 AM to 03:00 PM,https://www.tnprivatejobs.tn.gov.in/ViewData/jobfair_view/152504090039,"NAMAKKAL - MICRO JOB FAIR – APR 2025 VENUE - DISTRICT EMPLOYMENT AND CAREER GUIDANCE CENTRE, NAMAKKAL DATE OF JOB FAIR - 17.04.2025 : : TIMINGS - 10.00 A.M TO 3.00 P.M. NO.OF EMPLOYERS EXPECTED TO PARTICIPATE - MORE THAN 25 EMPLOYERS NO.OF JOB SEEKERS EXPECTED TO PARTICIPATE - MORE THAN 100 JOB SEEKERS NO.OF VACANCIES EXPECTED - MORE THAN 300 VACANCIES QUALIFICATION - 8TH, 10TH, +2 PASS, ITI, DIPLOMA, ANY DEGREE, ANY PG",,,,,6,Shri Pranav Textile Creations Private Limited,Under Graduate - Any,Karur,5,7500-10000,15250409003922502271939506272504527,,30,Under Graduate,Any,None,
152504090039,https://www.tnprivatejobs.tn.gov.in/candidate/Home/ca_jobfairlist_single/152504090039,Namakkal -17.04.2025 - Micro Job Fair,"DISTRICT EMPLOYMENT CAREER AND GUIDANCE CENTRE, , MOHANUR ROAD, THILLAIPURAM, NAMAKKAL-637001, Namakkal, ,",Namakkal - Opposite to BSNL Office,17/04/2025 10:00 AM to 03:00 PM,https://www.tnprivatejobs.tn.gov.in/ViewData/jobfair_view/152504090039,"NAMAKKAL - MICRO JOB FAIR – APR 2025 VENUE - DISTRICT EMPLOYMENT AND CAREER GUIDANCE CENTRE, NAMAKKAL DATE OF JOB FAIR - 17.04.2025 : : TIMINGS - 10.00 A.M TO 3.00 P.M. NO.OF EMPLOYERS EXPECTED TO PARTICIPATE - MORE THAN 25 EMPLOYERS NO.OF JOB SEEKERS EXPECTED TO PARTICIPATE - MORE THAN 100 JOB SEEKERS NO.OF VACANCIES EXPECTED - MORE THAN 300 VACANCIES QUALIFICATION - 8TH, 10TH, +2 PASS, ITI, DIPLOMA, ANY DEGREE, ANY PG",,,,,7,VICTUS DYEINGS,Under Graduate - Any,Tiruppur,50,"15,000 - 25,000",15250409003922504091237414842504290,,40,Under Graduate,Any,None,
152504090039,https://www.tnprivatejobs.tn.gov.in/candidate/Home/ca_jobfairlist_single/152504090039,Namakkal -17.04.2025 - Micro Job Fair,"DISTRICT EMPLOYMENT CAREER AND GUIDANCE CENTRE, , MOHANUR ROAD, THILLAIPURAM, NAMAKKAL-637001, Namakkal, ,",Namakkal - Opposite to BSNL Office,17/04/2025 10:00 AM to 03:00 PM,https://www.tnprivatejobs.tn.gov.in/ViewData/jobfair_view/152504090039,"NAMAKKAL - MICRO JOB FAIR – APR 2025 VENUE - DISTRICT EMPLOYMENT AND CAREER GUIDANCE CENTRE, NAMAKKAL DATE OF JOB FAIR - 17.04.2025 : : TIMINGS - 10.00 A.M TO 3.00 P.M. NO.OF EMPLOYERS EXPECTED TO PARTICIPATE - MORE THAN 25 EMPLOYERS NO.OF JOB SEEKERS EXPECTED TO PARTICIPATE - MORE THAN 100 JOB SEEKERS NO.OF VACANCIES EXPECTED - MORE THAN 300 VACANCIES QUALIFICATION - 8TH, 10TH, +2 PASS, ITI, DIPLOMA, ANY DEGREE, ANY PG",,,,,8,VICTUS DYEINGS,HSC - Any,Tiruppur,100,"15,000 - 25,000",15250409003922504091237414842504755,,40,HSC,Any,None,
152504090039,https://www.tnprivatejobs.tn.gov.in/candidate/Home/ca_jobfairlist_single/152504090039,Namakkal -17.04.2025 - Micro Job Fair,"DISTRICT EMPLOYMENT CAREER AND GUIDANCE CENTRE, , MOHANUR ROAD, THILLAIPURAM, NAMAKKAL-637001, Namakkal, ,",Namakkal - Opposite to BSNL Office,17/04/2025 10:00 AM to 03:00 PM,https://www.tnprivatejobs.tn.gov.in/ViewData/jobfair_view/152504090039,"NAMAKKAL - MICRO JOB FAIR – APR 2025 VENUE - DISTRICT EMPLOYMENT AND CAREER GUIDANCE CENTRE, NAMAKKAL DATE OF JOB FAIR - 17.04.2025 : : TIMINGS - 10.00 A.M TO 3.00 P.M. NO.OF EMPLOYERS EXPECTED TO PARTICIPATE - MORE THAN 25 EMPLOYERS NO.OF JOB SEEKERS EXPECTED TO PARTICIPATE - MORE THAN 100 JOB SEEKERS NO.OF VACANCIES EXPECTED - MORE THAN 300 VACANCIES QUALIFICATION - 8TH, 10TH, +2 PASS, ITI, DIPLOMA, ANY DEGREE, ANY PG",,,,,9,VICTUS DYEINGS,National Trade Certificate (NTC) - Fitter,Tiruppur,10,"15,000 - 25,000",15250409003922504091237414842504326,,40,National Trade Certificate (NTC),Fitter,None,
152504090039,https://www.tnprivatejobs.tn.gov.in/candidate/Home/ca_jobfairlist_single/152504090039,Namakkal -17.04.2025 - Micro Job Fair,"DISTRICT EMPLOYMENT CAREER AND GUIDANCE CENTRE, , MOHANUR ROAD, THILLAIPURAM, NAMAKKAL-637001, Namakkal, ,",Namakkal - Opposite to BSNL Office,17/04/2025 10:00 AM to 03:00 PM,https://www.tnprivatejobs.tn.gov.in/ViewData/jobfair_view/152504090039,"NAMAKKAL - MICRO JOB FAIR – APR 2025 VENUE - DISTRICT EMPLOYMENT AND CAREER GUIDANCE CENTRE, NAMAKKAL DATE OF JOB FAIR - 17.04.2025 : : TIMINGS - 10.00 A.M TO 3.00 P.M. NO.OF EMPLOYERS EXPECTED TO PARTICIPATE - MORE THAN 25 EMPLOYERS NO.OF JOB SEEKERS EXPECTED TO PARTICIPATE - MORE THAN 100 JOB SEEKERS NO.OF VACANCIES EXPECTED - MORE THAN 300 VACANCIES QUALIFICATION - 8TH, 10TH, +2 PASS, ITI, DIPLOMA, ANY DEGREE, ANY PG",,,,,10,VICTUS DYEINGS,National Trade Certificate (NTC) - Electrician,Tiruppur,10,"15,000 - 25,000",15250409003922504091237414842504694,,40,National Trade Certificate (NTC),Electrician,None,
72504070030,https://www.tnprivatejobs.tn.gov.in/candidate/Home/ca_jobfairlist_single/72504070030,THOOTHUKUDI - 17.04.2025 - MICRO JOBFAIR,"DISTRICT EMPLOYMENT AND CAREER GUIDANCE CENTRE ,THOOTHUKUDI",Thoothukudi - KORAMPALLAM,17/04/2025 10:00 AM to 02:30 PM,https://www.tnprivatejobs.tn.gov.in/ViewData/jobfair_view/72504070030,17.04.2025 - சிறிய அளவிலான தனியார்துறை வேலைவாய்ப்புமுகாம் வேலைவாய்ப்பற்ற இளைஞர்கள் பயன்பெறும் வகையில் தூத்துக்குடி மாவட்ட வேலைவாய்ப்பு அலுவலகத்தில் ஒவ்வொரு மாதமும் மாதாந்திர தனியார்துறை வேலைவாய்ப்பு முகாம் நடத்தப்பட்டு வருகிறது. ஏப்ரல் மாதத்திற்கான வேலைவாய்ப்பு முகாம் வருகிற வியாழக்கிழமை 17.04.2025 காலை 10:00 மணிக்கு நடைபெற உள்ளது.,,,,,1,Matha Furniture,Under Graduate - Any,Thoothukudi,15,"~15,000",7250407003022403061754397212504617,,40,Under Graduate,Any,None,
72504070030,https://www.tnprivatejobs.tn.gov.in/candidate/Home/ca_jobfairlist_single/72504070030,THOOTHUKUDI - 17.04.2025 - MICRO JOBFAIR,"DISTRICT EMPLOYMENT AND CAREER GUIDANCE CENTRE ,THOOTHUKUDI",Thoothukudi - KORAMPALLAM,17/04/2025 10:00 AM to 02:30 PM,https://www.tnprivatejobs.tn.gov.in/ViewData/jobfair_view/72504070030,17.04.2025 - சிறிய அளவிலான தனியார்துறை வேலைவாய்ப்புமுகாம் வேலைவாய்ப்பற்ற இளைஞர்கள் பயன்பெறும் வகையில் தூத்துக்குடி மாவட்ட வேலைவாய்ப்பு அலுவலகத்தில் ஒவ்வொரு மாதமும் மாதாந்திர தனியார்துறை வேலைவாய்ப்பு முகாம் நடத்தப்பட்டு வருகிறது. ஏப்ரல் மாதத்திற்கான வேலைவாய்ப்பு முகாம் வருகிற வியாழக்கிழமை 17.04.2025 காலை 10:00 மணிக்கு நடைபெற உள்ளது.,,,,,2,BURLI GROUP,HSC - Any,Thoothukudi,25,"~15,000",7250407003022306091017188772504894,,35,HSC,Any,None,
72504070030,https://www.tnprivatejobs.tn.gov.in/candidate/Home/ca_jobfairlist_single/72504070030,THOOTHUKUDI - 17.04.2025 - MICRO JOBFAIR,"DISTRICT EMPLOYMENT AND CAREER GUIDANCE CENTRE ,THOOTHUKUDI",Thoothukudi - KORAMPALLAM,17/04/2025 10:00 AM to 02:30 PM,https://www.tnprivatejobs.tn.gov.in/ViewData/jobfair_view/72504070030,17.04.2025 - சிறிய அளவிலான தனியார்துறை வேலைவாய்ப்புமுகாம் வேலைவாய்ப்பற்ற இளைஞர்கள் பயன்பெறும் வகையில் தூத்துக்குடி மாவட்ட வேலைவாய்ப்பு அலுவலகத்தில் ஒவ்வொரு மாதமும் மாதாந்திர தனியார்துறை வேலைவாய்ப்பு முகாம் நடத்தப்பட்டு வருகிறது. ஏப்ரல் மாதத்திற்கான வேலைவாய்ப்பு முகாம் வருகிற வியாழக்கிழமை 17.04.2025 காலை 10:00 மணிக்கு நடைபெற உள்ளது.,,,,,3,NELLAI SYSTEMS AND SERVICES,Under Graduate - Any,Thoothukudi,20,"~15,000",7250407003022207181744112632504334,,30,Under Graduate,Any,None,
72504070030,https://www.tnprivatejobs.tn.gov.in/candidate/Home/ca_jobfairlist_single/72504070030,THOOTHUKUDI - 17.04.2025 - MICRO JOBFAIR,"DISTRICT EMPLOYMENT AND CAREER GUIDANCE CENTRE ,THOOTHUKUDI",Thoothukudi - KORAMPALLAM,17/04/2025 10:00 AM to 02:30 PM,https://www.tnprivatejobs.tn.gov.in/ViewData/jobfair_view/72504070030,17.04.2025 - சிறிய அளவிலான தனியார்துறை வேலைவாய்ப்புமுகாம் வேலைவாய்ப்பற்ற இளைஞர்கள் பயன்பெறும் வகையில் தூத்துக்குடி மாவட்ட வேலைவாய்ப்பு அலுவலகத்தில் ஒவ்வொரு மாதமும் மாதாந்திர தனியார்துறை வேலைவாய்ப்பு முகாம் நடத்தப்பட்டு வருகிறது. ஏப்ரல் மாதத்திற்கான வேலைவாய்ப்பு முகாம் வருகிற வியாழக்கிழமை 17.04.2025 காலை 10:00 மணிக்கு நடைபெற உள்ளது.,,,,,4,CREDIT ACCESS GRAMEEN LIMITED,HSC - Any,Thoothukudi,20,"~15,000",7250407003022410151416214542504432,,35,HSC,Any,None,
72504070030,https://www.tnprivatejobs.tn.gov.in/candidate/Home/ca_jobfairlist_single/72504070030,THOOTHUKUDI - 17.04.2025 - MICRO JOBFAIR,"DISTRICT EMPLOYMENT AND CAREER GUIDANCE CENTRE ,THOOTHUKUDI",Thoothukudi - KORAMPALLAM,17/04/2025 10:00 AM to 02:30 PM,https://www.tnprivatejobs.tn.gov.in/ViewData/jobfair_view/72504070030,17.04.2025 - சிறிய அளவிலான தனியார்துறை வேலைவாய்ப்புமுகாம் வேலைவாய்ப்பற்ற இளைஞர்கள் பயன்பெறும் வகையில் தூத்துக்குடி மாவட்ட வேலைவாய்ப்பு அலுவலகத்தில் ஒவ்வொரு மாதமும் மாதாந்திர தனியார்துறை வேலைவாய்ப்பு முகாம் நடத்தப்பட்டு வருகிறது. ஏப்ரல் மாதத்திற்கான வேலைவாய்ப்பு முகாம் வருகிற வியாழக்கிழமை 17.04.2025 காலை 10:00 மணிக்கு நடைபெற உள்ளது.,,,,,5,matrimony,Under Graduate - Bachelor of Arts - ENGLISH,Chennai,4,"25,000 - 50,000",7250407003022409161153091062504576,,35,Under Graduate,Bachelor of Arts,ENGLISH,
72504070030,https://www.tnprivatejobs.tn.gov.in/candidate/Home/ca_jobfairlist_single/72504070030,THOOTHUKUDI - 17.04.2025 - MICRO JOBFAIR,"DISTRICT EMPLOYMENT AND CAREER GUIDANCE CENTRE ,THOOTHUKUDI",Thoothukudi - KORAMPALLAM,17/04/2025 10:00 AM to 02:30 PM,https://www.tnprivatejobs.tn.gov.in/ViewData/jobfair_view/72504070030,17.04.2025 - சிறிய அளவிலான தனியார்துறை வேலைவாய்ப்புமுகாம் வேலைவாய்ப்பற்ற இளைஞர்கள் பயன்பெறும் வகையில் தூத்துக்குடி மாவட்ட வேலைவாய்ப்பு அலுவலகத்தில் ஒவ்வொரு மாதமும் மாதாந்திர தனியார்துறை வேலைவாய்ப்பு முகாம் நடத்தப்பட்டு வருகிறது. ஏப்ரல் மாதத்திற்கான வேலைவாய்ப்பு முகாம் வருகிற வியாழக்கிழமை 17.04.2025 காலை 10:00 மணிக்கு நடைபெற உள்ளது.,,,,,6,S K ENTERPRISES,Diploma - Diploma Others - OTHERS,Chennai,600,"15,000 - 25,000",7250407003022401041223301992504899,,35,Diploma,Diploma Others,OTHERS,
72504070030,https://www.tnprivatejobs.tn.gov.in/candidate/Home/ca_jobfairlist_single/72504070030,THOOTHUKUDI - 17.04.2025 - MICRO JOBFAIR,"DISTRICT EMPLOYMENT AND CAREER GUIDANCE CENTRE ,THOOTHUKUDI",Thoothukudi - KORAMPALLAM,17/04/2025 10:00 AM to 02:30 PM,https://www.tnprivatejobs.tn.gov.in/ViewData/jobfair_view/72504070030,17.04.2025 - சிறிய அளவிலான தனியார்துறை வேலைவாய்ப்புமுகாம் வேலைவாய்ப்பற்ற இளைஞர்கள் பயன்பெறும் வகையில் தூத்துக்குடி மாவட்ட வேலைவாய்ப்பு அலுவலகத்தில் ஒவ்வொரு மாதமும் மாதாந்திர தனியார்துறை வேலைவாய்ப்பு முகாம் நடத்தப்பட்டு வருகிறது. ஏப்ரல் மாதத்திற்கான வேலைவாய்ப்பு முகாம் வருகிற வியாழக்கிழமை 17.04.2025 காலை 10:00 மணிக்கு நடைபெற உள்ளது.,,,,,7,BRIGHT INDIA,Trainee,Tiruppur,52,"~15,000",7250407003022409271327358372504051,Trainee,32,Diploma,Any,None,Communication Analyst
72504070030,https://www.tnprivatejobs.tn.gov.in/candidate/Home/ca_jobfairlist_single/72504070030,THOOTHUKUDI - 17.04.2025 - MICRO JOBFAIR,"DISTRICT EMPLOYMENT AND CAREER GUIDANCE CENTRE ,THOOTHUKUDI",Thoothukudi - KORAMPALLAM,17/04/2025 10:00 AM to 02:30 PM,https://www.tnprivatejobs.tn.gov.in/ViewData/jobfair_view/72504070030,17.04.2025 - சிறிய அளவிலான தனியார்துறை வேலைவாய்ப்புமுகாம் வேலைவாய்ப்பற்ற இளைஞர்கள் பயன்பெறும் வகையில் தூத்துக்குடி மாவட்ட வேலைவாய்ப்பு அலுவலகத்தில் ஒவ்வொரு மாதமும் மாதாந்திர தனியார்துறை வேலைவாய்ப்பு முகாம் நடத்தப்பட்டு வருகிறது. ஏப்ரல் மாதத்திற்கான வேலைவாய்ப்பு முகாம் வருகிற வியாழக்கிழமை 17.04.2025 காலை 10:00 மணிக்கு நடைபெற உள்ளது.,,,,,8,TBC INSTITUTE,Business Development Executive,Kanniyakumari,85,"15,000 - 25,000",7250407003022312071653535452504132,Business Development Executive,25,Under Graduate,Bachelor of Education,None,Business Development Executive
72504070030,https://www.tnprivatejobs.tn.gov.in/candidate/Home/ca_jobfairlist_single/72504070030,THOOTHUKUDI - 17.04.2025 - MICRO JOBFAIR,"DISTRICT EMPLOYMENT AND CAREER GUIDANCE CENTRE ,THOOTHUKUDI",Thoothukudi - KORAMPALLAM,17/04/2025 10:00 AM to 02:30 PM,https://www.tnprivatejobs.tn.gov.in/ViewData/jobfair_view/72504070030,17.04.2025 - சிறிய அளவிலான தனியார்துறை வேலைவாய்ப்புமுகாம் வேலைவாய்ப்பற்ற இளைஞர்கள் பயன்பெறும் வகையில் தூத்துக்குடி மாவட்ட வேலைவாய்ப்பு அலுவலகத்தில் ஒவ்வொரு மாதமும் மாதாந்திர தனியார்துறை வேலைவாய்ப்பு முகாம் நடத்தப்பட்டு வருகிறது. ஏப்ரல் மாதத்திற்கான வேலைவாய்ப்பு முகாம் வருகிற வியாழக்கிழமை 17.04.2025 காலை 10:00 மணிக்கு நடைபெற உள்ளது.,,,,,9,K K Enterprises,Below SSLC - Any,Kancheepuram,50,"15,000 - 25,000",7250407003022102081318448492504044,,32,Below SSLC,Any,None,
72504070030,https://www.tnprivatejobs.tn.gov.in/candidate/Home/ca_jobfairlist_single/72504070030,THOOTHUKUDI - 17.04.2025 - MICRO JOBFAIR,"DISTRICT EMPLOYMENT AND CAREER GUIDANCE CENTRE ,THOOTHUKUDI",Thoothukudi - KORAMPALLAM,17/04/2025 10:00 AM to 02:30 PM,https://www.tnprivatejobs.tn.gov.in/ViewData/jobfair_view/72504070030,17.04.2025 - சிறிய அளவிலான தனியார்துறை வேலைவாய்ப்புமுகாம் வேலைவாய்ப்பற்ற இளைஞர்கள் பயன்பெறும் வகையில் தூத்துக்குடி மாவட்ட வேலைவாய்ப்பு அலுவலகத்தில் ஒவ்வொரு மாதமும் மாதாந்திர தனியார்துறை வேலைவாய்ப்பு முகாம் நடத்தப்பட்டு வருகிறது. ஏப்ரல் மாதத்திற்கான வேலைவாய்ப்பு முகாம் வருகிற வியாழக்கிழமை 17.04.2025 காலை 10:00 மணிக்கு நடைபெற உள்ளது.,,,,,10,K K Enterprises,HSC - Any,Kancheepuram,50,"15,000 - 25,000",7250407003022102081318448492504938,,32,HSC,Any,None,
162504110038,https://www.tnprivatejobs.tn.gov.in/candidate/Home/ca_jobfairlist_single/162504110038,VILLUPURAM MICRO JOB FAIR 17-04-2025 - APRIL 2025,"DISTRICT EMPLOYMENT AND CAREER GUIDANCE CENTRE, ,COLLECTORATE MASTER PLAN COMPLEX, , ADJACENT TO DISTRICT LIBRARY, VILLUPURAM",Villupuram - BACKSIDE TO CEO OFFICE,17/04/2025 10:00 AM to 02:00 PM,https://www.tnprivatejobs.tn.gov.in/ViewData/jobfair_view/162504110038,"VILLUPURAM - PRIVATE MICRO JOB FAIR – APRIL 2025 : DATE OF JOB FAIR - 17-04-2025 : VENUE - DISTRICT EMPLOYMENT AND CAREER GUIDANCE CENTRE, VILLUPURAM : TIMINGS - 10.00 A.M TO 2.00 P.M. : NO.OF EMPLOYERS EXPECTED TO PARTICIPATE - MORE THAN 25 EMPLOYERS : NO.OF. JOB SEEKERS EXPECTED TO PARTICIPATE - MORE THAN 500 JOB SEEKERS : NO.OF VACANCIES EXPECTED - MORE THAN 1000 VACANCIES : QUALIFICATION - 8TH, 10TH PASS, +2 PASS, ITI, DIPLOMA, ANY DEGREE, ANY PG, B.E./B.TECH.",,,,,1,Dr Reddys Foundation,Under Graduate - Bachelor of Commerce - ACCT. & INCOME TAX,Chennai,30,"~15,000",16250411003822211261107285842504286,,35,Under Graduate,Bachelor of Commerce,ACCT. & INCOME TAX,